"",rat,gtyp,age,sex,vessel_idx,frequency_empa,frequency_vehicle,frequency_change,frequency_vehicle_std,frequency_empa_std,frequency_change_std,log_frequency_vehicle,log_frequency_empa,log_frequency_vehicle_std,log_frequency_change
3,20240814a,fa/fa,Young,M,3.0,0.0223457237230997,0.025351382077296,-0.003005658354196302,-0.4183585689974773,-1.6063025495622971,-2.0393422637373586,-3.674922030616658,-3.8011203085287084,-0.3391058150386238,-0.1261982779120503
5,20240814a,fa/fa,Young,M,5.0,0.0253844448151263,0.0294245553116649,-0.0040401104965386014,0.6424559614685117,-0.9310856587537985,-2.41454353840333,-3.5259257385527154,-3.6736187014098385,0.6572020796925823,-0.14769296285712308
37,20240816a,fa/fa,Young,F,0.0,0.0319346126513326,0.0298822152203213,0.0020523974310113005,0.7616486039561735,0.5243897951278158,-0.20475862254121835,-3.510491784239267,-3.444064821325608,0.7604057924588731,0.0664269629136589
41,20240816a,fa/fa,Young,F,5.0,0.0322131346263147,0.0297803487151461,0.0024327859111685987,0.7351185590403738,0.5862785753988052,-0.0667897047137533,-3.5139065420854267,-3.435381001953958,0.7375720014054398,0.07852554013146884
42,20240816a,fa/fa,Young,F,6.0,0.0301538551667375,0.0290949529624388,0.0010589022042987,0.5566145446624454,0.12869782616518957,-0.5651046068349798,-3.53719055756363,-3.501442497756349,0.5818765265675685,0.03574805980728124
43,20240816a,fa/fa,Young,F,7.0,0.0299286398671612,0.0291768822790677,0.0007517575880934997,0.5779521614418491,0.07865401834701492,-0.6765075870115616,-3.534378586041704,-3.5089394019469493,0.6006796080956124,0.02543918409475454
44,20240816a,fa/fa,Young,F,8.0,0.0297853308497176,0.0288626563621659,0.0009226744875517022,0.4961153724524219,0.04681013855265263,-0.6145151217115542,-3.5452066868310217,-3.513739260032422,0.5282743008768744,0.03146742679859971
46,20240816a,fa/fa,Young,F,10.0,0.0294742056450905,0.0286037508808506,0.0008704547642399002,0.4286862009457717,-0.02232321951423135,-0.6334554921234018,-3.5542174200756067,-3.5242397830460197,0.4680213607228722,0.029977637029587
47,20240816a,fa/fa,Young,F,11.0,0.0298915289153659,0.0291322458806593,0.0007592830347066017,0.5663270875020129,0.07040780530959072,-0.6737780676398164,-3.5359096124362424,-3.510180152593813,0.5904419460518755,0.025729459842429137
48,20240816a,fa/fa,Young,F,12.0,0.0299179270806384,0.029275693623445,0.0006422334571934002,0.6036865223096499,0.07627359112491772,-0.7162325697713751,-3.530997676407733,-3.5092974103401984,0.6232870630398755,0.021700266067534724
49,20240816a,fa/fa,Young,F,13.0,0.0299602837202563,0.028842398577857,0.0011178851423992997,0.4908394485686554,0.08568541854894134,-0.5437111825739218,-3.545908801582048,-3.507882650409457,0.5235794023678924,0.03802615117259123
51,20240816a,fa/fa,Young,F,15.0,0.029685688564686,0.0286043956087264,0.0010812929559596007,0.42885411344531205,0.024669194433552845,-0.5569833625356767,-3.5541948803530183,-3.517090215817347,0.46817207926256715,0.037104664535671184
52,20240816a,fa/fa,Young,F,16.0,0.0296423876988641,0.0289778636902873,0.0006645240085768021,0.5261198924311261,0.015047555887555191,-0.7081476686437864,-3.541223061498069,-3.518549925156924,0.554911993089838,0.02267313634114476
53,20240816a,fa/fa,Young,F,18.0,0.0242688412542224,0.0233863122495047,0.0008825290047176984,-0.9301400491250459,-1.178977566222688,-0.6290761011081388,-3.755604374368853,-3.7185620043379837,-0.8786122345086563,0.03704237003086952
56,20240816a,fa/fa,Young,F,21.0,0.0260381128354484,0.025249139038725,0.0007889737967234009,-0.4449866780206672,-0.7858378143692135,-0.6630090708940772,-3.678963221318338,-3.648193936024947,-0.3661284351617472,0.030769285293390958
58,20240816a,fa/fa,Young,F,26.0,0.024496615401867,0.023248538143398,0.0012480772584689999,-0.9660218457662327,-1.1283651713626606,-0.4964898120519322,-3.761513024478296,-3.709220317837184,-0.918122175794417,0.052292706641112296
59,20240816a,fa/fa,Young,F,27.0,0.0245144037879596,0.0231627468438922,0.0013516569440674003,-0.9883652747997425,-1.1244125154965259,-0.4589209111088467,-3.765210030378672,-3.7084944244700293,-0.9428433021687013,0.056715605908642885
60,20240816a,fa/fa,Young,F,28.0,0.0248836330442179,0.0238788082094552,0.0010048248347626978,-0.8018747285874982,-1.0423681873545207,-0.5847187553779453,-3.7347638991799057,-3.6935449990938634,-0.7392562164958898,0.04121890008604234
63,20240816b,fa/+,Young,F,1.0,0.0245189098243634,0.0220835698927151,0.0024353399316482983,-1.2694254028328262,-1.123411254835116,-0.06586334794935383,-3.8129213907183415,-3.708310629572866,-1.2618794628429402,0.10461076114547563
64,20240816b,fa/+,Young,F,2.0,0.0260376824254659,0.0220719781544206,0.003965704271045301,-1.2724443474513383,-0.7859334533177561,0.4892079089431688,-3.813446431809369,-3.648210466160698,-1.2653903058095863,0.16523596564867082
68,20240816b,fa/+,Young,F,7.0,0.0243193068344718,0.021497903817948,0.0028214030165238,-1.4219558861600798,-1.1677638973281461,0.0741637790850393,-3.8397998454412736,-3.7164847241624046,-1.4416102216939062,0.12331512127886901
71,20240816b,fa/+,Young,F,10.0,0.0243362441679623,0.0225910672376266,0.001745176930335702,-1.1372531315647125,-1.1640003490090685,-0.3161891264174044,-3.790200705810007,-3.7157885103152406,-1.1099508649275023,0.0744121954947663
72,20240816b,fa/+,Young,F,11.0,0.0249917064361237,0.0229022759277819,0.002089430508341799,-1.0562021471041454,-1.0183538150407079,-0.19132652911663078,-3.7765189878676946,-3.6892112517077225,-1.0184640003177343,0.08730773615997212
73,20240816b,fa/+,Young,F,12.0,0.0250231185653478,0.0215200128647014,0.0035031057006464014,-1.416197820715463,-1.0113739048791515,0.32142095566825357,-3.8387719458866223,-3.6879551388110605,-1.4347368664774534,0.15081680707556178
74,20240816b,fa/+,Young,F,13.0,0.0238144327972297,0.0216041399967749,0.002210292800454799,-1.3942878063421538,-1.279949078972833,-0.1474891351921828,-3.8348703161403415,-3.737463462051377,-1.4086474620722118,0.09740685408896432
77,20240816b,fa/+,Young,F,17.0,0.0264229786584308,0.0242663655492203,0.0021566131092105,-0.7009395525575348,-0.7003189738759199,-0.1669590437110364,-3.7186640212105715,-3.6335212436830893,-0.6315996077114724,0.08514277752748223
78,20240816b,fa/+,Young,F,18.0,0.0256513383037612,0.0224276387564325,0.0032236995473286997,-1.179816336605892,-0.8717807781426913,0.22007886299594878,-3.7974612076618905,-3.663159533141225,-1.1585003638079028,0.13430167452066533
79,20240816b,fa/+,Young,F,19.0,0.0262488345462183,0.0236229454829966,0.002625889063221698,-0.868511447041233,-0.7390145442950895,0.0032498319904640735,-3.7455367730665743,-3.640133689169438,-0.8112922326514153,0.10540308389713626
80,20240816b,fa/+,Young,F,20.0,0.0239972340108029,0.0215662895979526,0.0024309444128503,-1.4041455390591984,-1.239329863412448,-0.06745762591381622,-3.836623850162422,-3.72981670482581,-1.4203729873566193,0.10680714533661195
81,20240816b,fa/+,Young,F,22.0,0.0260763145353685,0.0236939558351602,0.0023823587002082987,-0.8500175581113344,-0.7773492324090818,-0.08507992139532278,-3.7425352914185477,-3.6467278657373194,-0.7912219354621646,0.09580742568122824
82,20240816b,fa/+,Young,F,23.0,0.026043600349996,0.0237066963046153,0.0023369040453807,-0.8466994387127071,-0.7846184650446506,-0.1015665656128118,-3.7419977262506956,-3.647983208910485,-0.7876273465415645,0.09401451734021071
85,20240816b,fa/+,Young,F,28.0,0.0263806540419284,0.0238721583534356,0.0025084956884928004,-0.8036066126703002,-0.7097236856260041,-0.039329367213366835,-3.7350424215446343,-3.6351243389021923,-0.7411186388890538,0.09991808264244195
88,20240820a,fa/+,Young,M,2.0,0.0300214772407806,0.025614028418324,0.004407448822456601,-0.349955130473116,0.0992828818944465,0.6494309990041327,-3.66461509249484,-3.5058422454338714,-0.2701854165573899,0.15877284706096884
91,20240820a,fa/+,Young,M,6.0,0.0304854182758155,0.0252801094831699,0.005205308792645601,-0.4369207560498259,0.20237257446831108,0.9388190388819693,-3.677737378891264,-3.490506799007432,-0.3579314762249044,0.18723057988383207
92,20240820a,fa/+,Young,M,7.0,0.0323972510905416,0.0283545989900318,0.004042652100509796,0.3637972480666019,0.6271900453090066,0.5171172945165661,-3.5629660400943104,-3.429681702667733,0.4095211183886718,0.13328433742657753
93,20240820a,fa/+,Young,M,8.0,0.0325127533304217,0.0278976322055314,0.004615121124890303,0.24478512237353522,0.6528551395810344,0.7247548437684842,-3.579213460941495,-3.4261228564523574,0.30087792039470146,0.15309060448913758
94,20240820a,fa/+,Young,M,9.0,0.0294342333480817,0.0255911795351138,0.0038430538129679004,-0.35590587843290855,-0.031205235759676563,0.4447219377460802,-3.665507536277023,-3.525596882430311,-0.2761530065791001,0.13991065384671186
95,20240820a,fa/+,Young,M,10.0,0.0270711635526404,0.0262901284687629,0.0007810350838775015,-0.1738720826168178,-0.5562895036867513,-0.6658884841187859,-3.6385617536504267,-3.609286193175116,-0.09597203973283973,0.02927556047531077
96,20240820a,fa/+,Young,M,11.0,0.0305500060125614,0.0280008215375497,0.0025491844750116996,0.2716596834333116,0.2167242472507712,-0.02457132869073899,-3.575521428610586,-3.4883903965540317,0.325565789521733,0.08713103205655415
98,20240820a,fa/+,Young,M,13.0,0.0284000453645755,0.0259668423321116,0.0024332030324639015,-0.2580685092171338,-0.2610062519065227,-0.06663841260918715,-3.650934849760037,-3.5613645364720448,-0.17870841636013368,0.08957031328799214
99,20240820a,fa/+,Young,M,15.0,0.0321044268789475,0.0282083764767914,0.003896050402156105,0.325715153885624,0.5621232465742304,0.46394408152871985,-3.568136306961084,-3.438761349353259,0.37494859563741334,0.12937495760782491
100,20240820a,fa/+,Young,M,16.0,0.0281908545649927,0.0266838194144834,0.0015070351505092998,-0.07133947432771506,-0.3074893469331347,-0.4025644121215573,-3.6236979117157277,-3.568757659842632,0.0034194475346550537,0.054940251873095924
101,20240820a,fa/+,Young,M,17.0,0.028183307534519,0.0268345437528828,0.0013487637816361996,-0.03208492779386745,-0.3091663295508089,-0.4599702764565218,-3.618065275440015,-3.5690254076986605,0.04108374046372841,0.04903986774135438
102,20240820a,fa/+,Young,M,18.0,0.0311452725796,0.0280043400918995,0.0031409324877005006,0.2725760533900341,0.3489950376344957,0.19005881180001927,-3.5753957775365754,-3.4690928083605614,0.3264059926924555,0.106302969176014
103,20240820a,fa/+,Young,M,19.0,0.0280751708902602,0.0247500565752915,0.0033251143149686975,-0.574967383148483,-0.3331947568093949,0.2568625367213684,-3.6989275040996867,-3.572869691456825,-0.4996255327886331,0.12605781264286176
105,20240820a,fa/+,Young,M,22.0,0.0290474071316088,0.0256980881295873,0.003349319002021501,-0.3280626751308134,-0.11715968411474112,0.26564170500124584,-3.661338681693026,-3.5388260550340203,-0.24827672404556964,0.12251262665900553
107,20240820a,fa/+,Young,M,24.0,0.0298462844080275,0.0262644626681543,0.0035818217398732,-0.18055646667195902,0.06035428126246519,0.34997168029402215,-3.63953848287974,-3.5116949223342018,-0.10250322939333216,0.12784356054553836
108,20240820a,fa/+,Young,M,26.0,0.0279264691203484,0.0256512648746539,0.002275204245694499,-0.34025729253081666,-0.3662369293868729,-0.12394540997044423,-3.663162395729193,-3.578180325908523,-0.2604715288074624,0.08498206982067025
110,20240820a,fa/+,Young,M,28.0,0.0328617074002631,0.0256193398451886,0.007242367555074496,-0.3485718259900332,0.7303942341335186,1.6776710485092057,-3.6644077500122494,-3.4154472078852938,-0.26879895955596517,0.24896054212695562
117,20240820b,fa/fa,Young,M,9.0,0.0316170485046055,0.0322658397622823,-0.0006487912576767993,1.3824381957053555,0.45382567644381955,-1.1844940763382836,-3.4337462008980926,-3.4540587942328576,1.2735878959151754,-0.020312593334764983
119,20240820b,fa/fa,Young,M,11.0,0.0220921732157175,0.0285440699447791,-0.006451896729061601,0.4131429376143093,-1.662642562374512,-3.289311187504528,-3.556306072167869,-3.8125318863204165,0.4540549690761933,-0.2562258141525473
122,20240820b,fa/fa,Young,M,15.0,0.0210814400850082,0.0326324426949399,-0.011551002609931704,1.477916019872804,-1.887231809392086,-5.138783915964633,-3.422448310776114,-3.8593622424142615,1.3491345888322208,-0.4369139316381476
125,20240820b,fa/fa,Young,M,19.0,0.0262880947410974,0.0278273117578087,-0.0015392170167113015,0.22647091169777198,-0.7302907602043545,-1.5074562184328288,-3.5817373032300077,-3.6386391137262284,0.2840015004363939,-0.05690181049622067
126,20240820b,fa/fa,Young,M,20.0,0.0223549486841854,0.028139589738447,-0.005784641054261602,0.30780038146116934,-1.6042527235488273,-3.0472940177723586,-3.5705778067039855,-3.800707564794896,0.3586227835306733,-0.2301297580909103
127,20240821a,fa/fa,Young,M,0.0,0.0260246496508342,0.0246820391949443,0.0013426104558898998,-0.5926817844873994,-0.788829391871813,-0.4622021203175814,-3.701679457955311,-3.64871112659538,-0.5180272883915022,0.052968331359930954
128,20240821a,fa/fa,Young,M,1.0,0.0278781903138369,0.0293532418515032,-0.0014750515376662984,0.6238831312930083,-0.3769646877554103,-1.484183059103558,-3.5283522839013135,-3.579910605030232,0.6409762645783776,-0.05155832112891856
129,20240821a,fa/fa,Young,M,2.0,0.0254860918506319,0.0256930665385419,-0.00020697468790999846,-0.3293704949657448,-0.9084992504604925,-1.024244864838079,-3.661534107971879,-3.669622393234332,-0.24958349981671366,-0.008088285262453088
130,20240821a,fa/fa,Young,M,4.0,0.0233241718917399,0.0269837045297679,-0.003659532638028002,0.006762405818209177,-1.3888871599169477,-2.27650593204341,-3.612522131113456,-3.758265035912636,0.0781496189341479,-0.14574290479918028
132,20240821a,fa/fa,Young,M,6.0,0.023769756050651,0.0245237831042055,-0.0007540270535544985,-0.6338978955955428,-1.289876444138219,-1.2226636572571226,-3.708111893346646,-3.7393412605717855,-0.5610396753036903,-0.03122936722513936
133,20240821a,fa/fa,Young,M,8.0,0.0250627030205458,0.0247767692154389,0.0002859338051068999,-0.5680103608994992,-1.0025780687514876,-0.8454643419857933,-3.6978487899963213,-3.6863744733777524,-0.4924123910221274,0.011474316618568903
134,20240821a,fa/fa,Young,M,13.0,0.0236992010884298,0.0243280246129787,-0.000628823524548898,-0.6848811069657961,-1.3055540600757634,-1.1772516737029963,-3.7161263168935643,-3.742313940758178,-0.6146304951885737,-0.026187623864613485
136,20240821a,fa/fa,Young,M,15.0,0.0228273073008506,0.0219538829897304,0.0008734243111202002,-1.3032009736670043,-1.499292608147592,-0.6323784217311977,-3.818811253523946,-3.7797977710448114,-1.3012637772498328,0.03901348247913461
138,20240821a,fa/fa,Young,M,17.0,0.0243477957183471,0.0243473016667377,4.940516093975e-7,-0.6798606038947324,-1.1614335448507969,-0.9489948534216381,-3.7153342501016113,-3.7153139584650425,-0.6093341056808502,0.000020291636568803284
139,20240821a,fa/fa,Young,M,18.0,0.0245233721255219,0.0239099417939936,0.0006134303315282995,-0.7937663185191152,-1.1224197123332391,-0.7266796161078444,-3.7334609318940553,-3.7081286518592114,-0.7305435393179089,0.02533228003484389
154,20240821b,fa/+,Young,M,12.0,0.0317752371149885,0.0254877700048252,0.0062874671101633035,-0.3828377877838759,0.48897586576010654,1.331323596128728,-3.669556549520208,-3.449067999621685,-0.30322793444593005,0.22048854989852318
166,20240822b,fa/+,Young,M,0.0,0.0335672402214182,0.0322052399497858,0.0013620002716323992,1.3666556208083769,0.8871666602418926,-0.45516933138096494,-3.4356261083112782,-3.394204681038399,1.2610173374725748,0.04142142727287945
168,20240822b,fa/+,Young,M,2.0,0.033466065297272,0.0301196732828838,0.0033463920143882026,0.8234920239750206,0.8646851571223609,0.26458007107349507,-3.5025767232910883,-3.3972233297590857,0.8133321948593084,0.10535339353200257
169,20240822b,fa/+,Young,M,3.0,0.0338521662996487,0.0299711901468164,0.0038809761528322967,0.7848211746872025,0.9504784597873873,0.45847657140484016,-3.507518687170218,-3.385752284636164,0.7802862877427705,0.12176640253405413
173,20240822b,fa/+,Young,M,9.0,0.0262862006827304,0.0236637586742645,0.0026224420084659007,-0.8578820866284829,-0.7307116281164941,0.0019995669610060186,-3.7438105710768284,-3.6387111663653573,-0.7997494711070776,0.10509940471147106
175,20240822b,fa/+,Young,M,11.0,0.0304431411468084,0.0288337147394712,0.0016094264073371993,0.4885778354700161,0.19297841464384166,-0.3654265605922533,-3.546209925841363,-3.491894559893059,0.5215658457035319,0.054315365948303995
180,20240822b,fa/+,Young,M,17.0,0.0332316602146533,0.0307411172395674,0.0024905429750858993,0.9853404750935948,0.8125993400031751,-0.04584091151616097,-3.4821541967186307,-3.4042522365439694,0.9498934754968509,0.07790196017466133
183,20240822b,fa/+,Young,M,20.0,0.0306934160236158,0.0288804102948211,0.0018130057287947011,0.5007391948753518,0.24859056825964815,-0.2915872617209353,-3.5445917581740414,-3.483707109160672,0.5323862037112284,0.06088464901336943
185,20240822b,fa/+,Young,M,26.0,0.0341219976984137,0.0305802252818896,0.003541772416524102,0.9434378805514375,1.0104361566601545,0.3354455784522621,-3.4874017115400897,-3.377813008881104,0.9148044113871552,0.10958870265898568
187,20240822b,fa/+,Young,M,29.0,0.0295819869041649,0.0267787212910596,0.002803265613105302,-0.04662329265612466,0.0016262396284979113,0.06758524673617443,-3.6201476885126014,-3.520589653429125,0.0271590678724198,0.09955803508347616
193,20240823a,fa/fa,Young,F,2.0,0.0352020530881443,0.0322854745258008,0.002916578562343501,1.3875518604684793,1.2504291076645806,0.10868445398810804,-3.4331378549847495,-3.346650871711266,1.2776557812819538,0.08648698327348336
194,20240823a,fa/fa,Young,F,3.0,0.0352359818970816,0.0319727424676541,0.0032632394294275016,1.3061041310605368,1.2579682348781944,0.23442018779616722,-3.442871537054181,-3.345687505496736,1.2125686294056088,0.09718403155744504
195,20240823a,fa/fa,Young,F,4.0,0.0337631525673051,0.0310787556169447,0.0026843969503604036,1.0732747897312818,0.9306992257701524,0.024470952749853583,-3.4712307923490773,-3.3883852318812124,1.0229360583690266,0.08284556046786484
196,20240823a,fa/fa,Young,F,5.0,0.0376747628574978,0.032672715504777,0.0050020473527207995,1.4884046437048102,1.799875849162387,0.8650950373273468,-3.421214937607666,-3.2787648289154583,1.357381904304654,0.14245010869220787
197,20240823a,fa/fa,Young,F,6.0,0.0365265448144586,0.0335668523306786,0.002959692483780002,1.7212730444734585,1.5447368635458802,0.12432210179866372,-3.3942162367390827,-3.3097160275249555,1.5379167246699292,0.08450020921412715
198,20240823a,fa/fa,Young,F,7.0,0.0367610989638381,0.0332088810897105,0.0035522178741276,1.628043252353719,1.5968558039401872,0.33923420128640086,-3.404937936130039,-3.303315086298478,1.4662229019568083,0.101622849831561
199,20240823a,fa/fa,Young,F,8.0,0.0367015554689605,0.0336677732036831,0.003033782265277396,1.7475568095751117,1.583624983387219,0.15119485822662324,-3.391214183912978,-3.304936141469339,1.557990841210794,0.0862780424436389
201,20240823a,fa/fa,Young,F,11.0,0.0331756063452391,0.0293147449773496,0.003860861367889497,0.6138570309702741,0.8001439292308755,0.4511808322969085,-3.5296646479949088,-3.405940421757143,0.6322007528585989,0.12372422623776558
202,20240823a,fa/fa,Young,F,12.0,0.0330982912587457,0.0290904866280448,0.0040078046307009015,0.5554513355008274,0.7829641846167209,0.5044779325238732,-3.537344078253143,-3.4082736215345126,0.5808499649474937,0.1290704567186305
203,20240823a,fa/fa,Young,F,13.0,0.0330650552608522,0.0296223757036044,0.003442679557247797,0.6939761728902124,0.7755790029955928,0.2995040731965626,-3.5192252672951994,-3.409278286577543,0.7020067679154129,0.1099469807176563
207,20240823a,fa/fa,Young,F,17.0,0.0377462938455376,0.0346714417840533,0.0030748520614842997,2.008951587691845,1.815770342232983,0.1660910909824572,-3.361838934223908,-3.276867984383859,1.754417160077579,0.08497094984004905
209,20240823a,fa/fa,Young,F,19.0,0.0326663287384665,0.0285812237140038,0.004085105024462698,0.42281924058187703,0.6869802555045544,0.532515195036507,-3.555005290252054,-3.4214104337740037,0.4627530331293187,0.13359485647805025
212,20240823a,fa/fa,Young,F,23.0,0.0328011519096474,0.0295320126373832,0.003269139272264198,0.6704420759713614,0.7169385437767424,0.23656009206244397,-3.5222804298636246,-3.4172916450121367,0.681577517331761,0.10498878485148788
213,20240823b,fa/fa,Young,F,0.0,0.0357950830006671,0.0266961566210136,0.009098926379653496,-0.06812638045727373,1.3822029037990013,2.3510547740212746,-3.623235670715782,-3.329944741358437,0.0065103590676545975,0.2932909293573447
217,20240823b,fa/fa,Young,F,7.0,0.0343917318194793,0.0263646457316537,0.0080270860878256,-0.15446485618752953,1.0703722380098937,1.9622926193781647,-3.635731343159821,-3.369939097577361,-0.07704566057227365,0.26579224558245995
222,20240823b,fa/fa,Young,F,13.0,0.0323490700967687,0.0261433117708172,0.006205758325951497,-0.2121089258675971,0.6164840213515055,1.3016873870352268,-3.6441618852066875,-3.431170003525077,-0.13341898021536902,0.21299188168161054
223,20240823b,fa/fa,Young,F,14.0,0.0327524245458632,0.0268113098576233,0.0059411146882398964,-0.03813594803593204,0.7061111140537595,1.2056997370151878,-3.6189314708735285,-3.4187782877063504,0.03529166780987078,0.20015318316717812
225,20240823b,fa/fa,Young,F,17.0,0.0308680011084057,0.025372193227789,0.0054958078806166995,-0.4129385267924449,0.28738412468135793,1.044184597746066,-3.674101459450861,-3.4780351944788603,-0.33361882258164766,0.19606626497200086
226,20240823b,fa/fa,Young,F,22.0,0.0299741865685879,0.02056253077887,0.0094116557897179,-1.6655638188862254,0.08877469121976213,2.464483388530224,-3.884284753612925,-3.5074187154313394,-1.7390717530774424,0.3768660381815856
231,20240823b,fa/fa,Young,F,28.0,0.0356737654176078,0.0223173656884583,0.0133563997291495,-1.208535781150759,1.3552456152710604,3.8952629226653532,-3.802390173145141,-3.3333397225920445,-1.1914593532954558,0.46905045055309635
232,20240823b,fa/fa,Young,F,29.0,0.0290188726541954,0.0201129375506043,0.008905935103591101,-1.78265558049338,-0.12350016767227358,2.281055815331833,-3.9063920117428212,-3.5398088794827554,-1.8868984909148097,0.3665831322600659
235,20240823b,fa/fa,Young,F,33.0,0.0313005516874372,0.0236925953064784,0.007607956380958802,-0.8503718932971284,0.38349872297648463,1.810272053293087,-3.74259271398463,-3.4641195557946465,-0.7916059084800888,0.2784731581899833
252,20240826a,fa/+,Young,M,26.0,0.0256582138850857,0.0252034454895802,0.00045476839550549764,-0.4568870755957962,-0.8702529944126837,-0.7842271412180274,-3.6807745680338844,-3.6628915291898227,-0.37824054216653047,0.017883038844061616
258,20241011a,fa/+,Adult,F,2.0,0.0308518453046805,0.0271981433179818,0.0036537019866986972,0.06261070132240744,0.28379423563610584,0.3760430267858612,-3.6046065683783466,-3.478558715032883,0.1310793766817102,0.12604785334546342
259,20241011a,fa/+,Adult,F,3.0,0.0292150226185258,0.026086034082256,0.0031289885362697986,-0.22702628901447536,-0.07991480230429227,0.1857266773126754,-3.646355200500513,-3.5330722287666987,-0.14808523339927457,0.11328297173381419
263,20241011a,fa/+,Adult,F,7.0,0.0304084753649864,0.0271502149998593,0.003258260365127101,0.050128281999767106,0.18527552888683216,0.23261425478516867,-3.6063703136700376,-3.4930339145251694,0.11928557071469596,0.11333639914486815
264,20241011a,fa/+,Adult,F,8.0,0.0293774762634084,0.0253198848155636,0.004057591447844799,-0.42656169491259666,-0.04381690398583218,0.5225358749741201,-3.676165230864866,-3.5275270117419217,-0.3474188421942913,0.14863821912294428
265,20241011a,fa/+,Adult,F,9.0,0.0314168492725171,0.02523749447549,0.006179354797027102,-0.44801938033157945,0.40934054637127915,1.2921106871545718,-3.679424514244047,-3.460410928951206,-0.3692130071151913,0.21901358529284076
267,20241011a,fa/+,Adult,F,11.0,0.0279342974192542,0.0209610647603963,0.006973232658857902,-1.5617698935701398,-0.3644974477143483,1.5800543952255528,-3.8650886211823257,-3.5779000469420144,-1.6107111205812716,0.2871885742403113
269,20241011a,fa/+,Adult,F,14.0,0.0278656674686941,0.0253712535013317,0.0024944139673623994,-0.4131832685265196,-0.3797473177847292,-0.04443688210105791,-3.674138497788537,-3.5803599045890215,-0.33386649041098176,0.09377859319951565
271,20241011a,fa/+,Adult,F,16.0,0.0284260272514412,0.021844889068923,0.006581138182518202,-1.3315872779737652,-0.2552329649428626,1.4378396505404751,-3.8237882946908304,-3.5604501009856526,-1.3345442390538154,0.26333819370517775
272,20241011a,fa/+,Adult,F,18.0,0.027878429888291,0.0223981943378517,0.005480235550439298,-1.187484821414757,-0.3769114532817241,1.0385364310567393,-3.7987749332876315,-3.5799020114514524,-1.1672849798161635,0.21887292183617912
273,20241011a,fa/+,Adult,F,22.0,0.0273486457353371,0.0235786999600496,0.003769945775287501,-0.8800347216356454,-0.49463176973188344,0.4182052650038268,-3.7474115185543955,-3.5990882674155342,-0.8238282743491937,0.14832325113886125
274,20241011a,fa/+,Adult,F,23.0,0.0288070378681009,0.0227458535477926,0.006061184320308301,-1.0969406878032208,-0.17057076786889053,1.249249628940331,-3.783372411832338,-3.547135551273654,-1.064291452177972,0.23623686055868376
277,20241011a,fa/+,Adult,F,26.0,0.0282005403820468,0.0210143265636752,0.0071862138183716,-1.5478984249175591,-0.3053371167421605,1.6573037905899772,-3.8625508565452966,-3.568414138737738,-1.5937416047106576,0.2941367178075587
278,20241011a,fa/+,Adult,F,27.0,0.0281846846949535,0.0207356960401511,0.0074489886548024,-1.6204647733094435,-0.308860318581534,1.752613616480747,-3.8758986174772385,-3.5689765444917128,-1.6829953667289188,0.30692207298552576
279,20241011a,fa/+,Adult,F,28.0,0.0291898459056829,0.0254252021466181,0.0037646437590647987,-0.3991329191979243,-0.08550917613845829,0.4162821956189511,-3.6720143863763433,-3.5339343731405686,-0.3196629895054072,0.13808001323577468
281,20241011b,fa/+,Adult,F,1.0,0.0339302651608137,0.0288039171394869,0.005126348021326797,0.48081736833111816,0.9678323625031992,0.9101795486293405,-3.547243889301262,-3.3834478852794967,0.5146519423862674,0.1637960040217652
285,20241011b,fa/+,Adult,F,7.0,0.0330920412150462,0.02902503732094,0.004067003894106198,0.5384057614506339,0.7815753980363177,0.5259498191194777,-3.539596465578509,-3.4084624721863976,0.5657887091056939,0.1311339933921114
286,20241011b,fa/+,Adult,F,8.0,0.0302289057693973,0.0278447743945393,0.002384131374858,0.23101886920366918,0.14537439273598265,-0.0844369629046284,-3.581109964162615,-3.4989566676901758,0.2881963891605258,0.08215329647243941
287,20241011b,fa/+,Adult,F,10.0,0.0354311000512058,0.0305202840864325,0.004910815964773298,0.9278268354385358,1.3013243275823676,0.8320049293887223,-3.489363764403681,-3.340165312006291,0.901684563028534,0.14919845239738994
288,20241011b,fa/+,Adult,F,11.0,0.0361386233215933,0.0295009155992158,0.006637707722377501,0.6623431840155555,1.45853904006758,1.4583577224683044,-3.5233339788564564,-3.320393087471298,0.6745326495400578,0.20294089138515847
291,20241011b,fa/+,Adult,F,14.0,0.0354420494089044,0.0295703740561926,0.0058716753527118005,0.6804328983942641,1.303757321936802,1.1805137219878454,-3.520982295343428,-3.3398563273521833,0.6902578787889433,0.1811259679912447
292,20241011b,fa/+,Adult,F,15.0,0.031984923199124,0.0279836948780077,0.004001228321116299,0.2671992276031503,0.53556901514367,0.5020926701828298,-3.576133264209884,-3.442490637235834,0.32147456933487806,0.13364262697405005
294,20241011b,fa/+,Adult,F,17.0,0.0350598113279376,0.0310168894605661,0.0040429218673714955,1.057162409075155,1.2188223770166406,0.5172151403870799,-3.4732234015496517,-3.350699780908617,1.00961188600107,0.12252362064103473
297,20241011b,fa/+,Adult,F,21.0,0.0328165511460041,0.0233186212568761,0.009497929889127996,-0.9477694462634199,0.7203603203000559,2.4957754616425007,-3.758503042023133,-3.4168222827540173,-0.8979950354371632,0.3416807592691158
300,20241011b,fa/+,Adult,F,24.0,0.0370129090793262,0.0326041018096816,0.004408807269644599,1.4705349385491342,1.6528090941911893,0.6499237149990451,-3.423317176141576,-3.2964885331514404,1.343324662886568,0.12682864299013552
301,20241011b,fa/+,Adult,F,25.0,0.0339683165821642,0.0297696158999548,0.004198700682209396,0.7323233117840905,0.9762875519190839,0.5737169421628399,-3.514267006289793,-3.3823270540527686,0.735161650600039,0.13193995223702437
302,20241011b,fa/+,Adult,F,26.0,0.0304091439893019,0.0285657914142861,0.0018433525750158018,0.4188000626984251,0.18542410008430601,-0.2805802997570231,-3.5555453814557043,-3.4930119266761666,0.4591415531212066,0.06253345477953776
304,20241014a,fa/+,Adult,F,0.0,0.0289863926942283,0.0255144203667953,0.003471972327433001,-0.37589698522200304,-0.13071735441577426,0.3101287161956092,-3.6685114820750075,-3.540928776553017,-0.29623978103783727,0.12758270552199047
307,20241014a,fa/+,Adult,F,4.0,0.0263014676264144,0.0241503734957774,0.0021510941306370004,-0.7311484458775065,-0.7273192475938101,-0.16896080649045556,-3.723455433339487,-3.6381305380696447,-0.663638805901053,0.08532489526984222
308,20241014a,fa/+,Adult,F,6.0,0.0267962769137892,0.0235184375507073,0.0032778393630819025,-0.8957294234793561,-0.6173704966403096,0.23971566111286047,-3.749970588825532,-3.6194923222430284,-0.8409402566608823,0.13047826658250372
309,20241014a,fa/+,Adult,F,7.0,0.0276205301189705,0.0241904129392783,0.003430117179692202,-0.7207205998190254,-0.43421789079510537,0.2949476322760364,-3.72179888384537,-3.589195937884293,-0.652561796425586,0.1326029459610769
310,20241014a,fa/+,Adult,F,8.0,0.0278623941428222,0.0243523750806572,0.003510019062165002,-0.6785392873449085,-0.38047466486624554,0.3239284685321472,-3.715125894963479,-3.5804773795479923,-0.6079408772578229,0.1346485154154866
313,20241014a,fa/+,Adult,F,12.0,0.0274826206663335,0.0244103869222374,0.0030722337440961013,-0.6634307218736184,-0.46486196407547126,0.165141413388569,-3.712746543730448,-3.5942014498601647,-0.5920306395937213,0.11854509387028322
315,20241014a,fa/+,Adult,F,14.0,0.0305539569321123,0.025716856175075,0.004837100757037301,-0.3231747378356831,0.2176021585608921,0.8052680328492775,-3.6606086197791163,-3.488261078605866,-0.24339494854367724,0.17234754117325046
316,20241014a,fa/+,Adult,F,15.0,0.0291323100014151,0.0262217949839178,0.0029105150174972977,-0.1916688100011097,-0.09829390142683615,0.1064851741353558,-3.641164344411664,-3.535907411415233,-0.11337503470846223,0.10525693299643102
317,20241014a,fa/+,Adult,F,16.0,0.0269678867214626,0.0235737533849576,0.0033941333365050015,-0.8813230043655226,-0.5792380595852858,0.2818961016362066,-3.747621330547589,-3.613108501538931,-0.8252312444656462,0.13451282900865813
318,20241014a,fa/+,Adult,F,17.0,0.0257763232547708,0.025336377479409,0.0004399457753617997,-0.42226635650035726,-0.8440085846893358,-0.7896033841046362,-3.6755140709221084,-3.6582989117055003,-0.34306466812247105,0.0172151592166081
320,20241014a,fa/+,Adult,F,19.0,0.0270885851363147,0.0235421953865433,0.0035463897497714017,-0.8895419485017151,-0.5524183528949307,0.33712030969311163,-3.7489609195384244,-3.6086428525135763,-0.834188803534912,0.14031806702484806
321,20241014a,fa/+,Adult,F,21.0,0.0259648893488555,0.0235001423953306,0.0024647469535249017,-0.900494201588221,-0.8021083878947491,-0.05519726525629804,-3.7507487984746115,-3.651010063244887,-0.8461439862731672,0.09973873522972454
322,20241014a,fa/+,Adult,F,22.0,0.025640988267946,0.0237266707669332,0.0019143175010127994,-0.8414973030200045,-0.874080600598011,-0.2548409449809186,-3.741155514755633,-3.6635631036808145,-0.7819956496050774,0.07759241107481829
323,20241014a,fa/+,Adult,F,23.0,0.025664980617299,0.0238858621649375,0.001779118452361502,-0.8000376011091623,-0.8687493974231513,-0.3038783564871997,-3.7344685362902097,-3.6626278381893647,-0.737281184938135,0.07184069810084504
324,20241014a,fa/+,Adult,F,24.0,0.0259679747006081,0.0243543701011842,0.0016136045994239005,-0.6780197055245814,-0.8014228094706856,-0.36391110817781885,-3.7150439752818962,-3.650891242462991,-0.607393097011992,0.0641527328189051
326,20241014a,fa/+,Adult,F,27.0,0.0284157741807678,0.0262970328520387,0.0021187413287291,-0.1720739096245483,-0.2575112413267986,-0.1806953392136168,-3.6382991654771137,-3.5608108591082406,-0.09421616603618128,0.07748830636887316
327,20241014a,fa/+,Adult,F,28.0,0.0280721052683951,0.0258702269350582,0.0022018783333369006,-0.2832309590231426,-0.3338759511676324,-0.15054110701286236,-3.654662510690544,-3.572978890765425,-0.20363452668475573,0.08168361992511919
329,20241014a,fa/+,Adult,F,31.0,0.0271202471275962,0.0241709085541598,0.002949338573436402,-0.725800308918291,-0.5453829223100058,0.12056668364089405,-3.722605494813544,-3.6074747035769685,-0.6579554398809802,0.11513079123657555
376,20241022a,fa/+,Adult,F,2.0,0.0329271121596377,0.0260319867649718,0.006895125394665899,-0.2411023364126089,0.7449274528566441,1.551724476531437,-3.6484292369193905,-3.413458882775954,-0.1619538930112936,0.23497035414343648
378,20241022a,fa/+,Adult,F,5.0,0.0329308131740138,0.0259272268279432,0.007003586346070598,-0.26838594479757355,0.7457498341625245,1.5910638384533744,-3.65246163355268,-3.413346488880724,-0.18891770898806692,0.23911514467195571
379,20241022a,fa/+,Adult,F,6.0,0.034386462230746,0.0267918618331933,0.007594600397552699,-0.043200978594937864,1.0692013127381816,1.8054277673244383,-3.619657100520801,-3.3700923318637908,0.030439529973323262,0.24956476865701038
380,20241022a,fa/+,Adult,F,7.0,0.0350851725774229,0.0286484255831603,0.0064367469942625995,0.4403212507282082,1.2244577556861136,1.3854682012809987,-3.55265679079874,-3.34997667145222,0.47845697121862596,0.2026801193465202
381,20241022a,fa/+,Adult,F,10.0,0.0330568399957104,0.0276952987260267,0.0053615412696837,0.19208952542537763,0.7737535357617732,0.9954853863421692,-3.5864926012751654,-3.4095267750744984,0.25220378977821667,0.17696582620066703
382,20241022a,fa/+,Adult,F,11.0,0.0342985086805061,0.0311381339959154,0.0031603746845907006,1.088739255292466,1.0496576557423547,0.19711059965652894,-3.469322037431621,-3.372653404457915,1.0356995142042404,0.09666863297370609
383,20241022a,fa/+,Adult,F,12.0,0.0329160718920538,0.0273654114399191,0.005550660452134697,0.10617389984723918,0.7424742579348537,1.064079916156503,-3.598475419238217,-3.4137942331344266,0.1720771237227166,0.18468118610379047
384,20241022a,fa/+,Adult,F,13.0,0.0330546232896859,0.0286144499436724,0.004440173346013498,0.4314726577573715,0.7732609741530003,0.6613003571395248,-3.5538434459627433,-3.409593834731483,0.4705220495380747,0.14424961123126012
386,20241022a,fa/+,Adult,F,15.0,0.0347420018434154,0.0310714588335123,0.003670543009903101,1.0713744203029847,1.148203743219811,0.38215135516020626,-3.471465603557066,-3.3598058962422663,1.0213659235888264,0.11165970731479957
388,20241022a,fa/+,Adult,F,17.0,0.0344701437759587,0.0288394871146757,0.005630656661283002,0.4900811890324345,1.087795711850635,1.0930949651977548,-3.54600975054198,-3.3676617274159724,0.5229043772088654,0.1783480231260075
390,20241022a,fa/+,Adult,F,19.0,0.032941186724182,0.0287105231318452,0.004230663592336804,0.45649389504282395,0.7480548816081751,0.5853100590707739,-3.5504915637736087,-3.413031528039396,0.492935403863768,0.13746003573421284
401,20241023a,fa/+,Adult,M,0.0,0.030417195031985,0.0239186181865255,0.0064985768454595,-0.7915066446137182,0.18721307638177292,1.40789421601084,-3.733098119690192,-3.492747204423943,-0.7281174879175247,0.24035091526624885
405,20241023a,fa/+,Adult,M,11.0,0.0304194040671508,0.0262071492227311,0.0042122548444196994,-0.19548314231221617,0.18770393349276354,0.5786331086341276,-3.6417230343410254,-3.492674582508863,-0.11711088061186753,0.14904845183216242
406,20241023a,fa/+,Adult,M,12.0,0.0321567710366614,0.0275506606314386,0.004606110405222796,0.1544200761853322,0.5737543434578188,0.721486607987899,-3.5917287643081512,-3.437132242800986,0.2171906327687482,0.15459652150716519
408,20241023a,fa/+,Adult,M,14.0,0.0324665285798051,0.0272825496057113,0.005183978974093801,0.08459341880926105,0.6425838012632016,0.9310826006443259,-3.6015079897541318,-3.427545610199557,0.15179894159830362,0.17396237955457483
412,20241023b,fa/fa,Adult,F,0.0,0.028562085371847,0.0265615372950891,0.0020005480767579,-0.1031865482442141,-0.22500026564357228,-0.22356465813261267,-3.6282910759627054,-3.5556751269548474,-0.02729410739795383,0.07261594900785795
413,20241023b,fa/fa,Adult,F,1.0,0.0270801427834698,0.0248965793166803,0.0021835634667895024,-0.5368070977480439,-0.5542942799926822,-0.15718400617914116,-3.693024861788686,-3.6089545582979823,-0.4601557644288901,0.08407030349070377
415,20241023b,fa/fa,Adult,F,3.0,0.0284945126929163,0.0254526450969889,0.0030418675959274014,-0.3919856954396619,-0.24001520541244648,0.1541274505059614,-3.670935608302231,-3.5580437473358333,-0.3124494199795304,0.11289186096639758
416,20241023b,fa/fa,Adult,F,4.0,0.0330307655002451,0.0319295515817789,0.0011012139184661957,1.2948555254442802,0.767959670769136,-0.5497579238526233,-3.4442233161442615,-3.410315863939879,1.2035295576225216,0.033907452204382516
417,20241023b,fa/fa,Adult,F,5.0,0.032310986274617,0.0321630033258897,0.00014798294872730294,1.3556555425478325,0.6080216323382968,-0.8954998487398217,-3.436938452032608,-3.432347974244334,1.252241961977992,0.004590477788273706
418,20241023b,fa/fa,Adult,F,6.0,0.0323801445772207,0.0319050035303819,0.00047514104683880204,1.288462247251043,0.6233889045042722,-0.7768378726035574,-3.4449924310088975,-3.430209865726535,1.1983866429836583,0.014782565282362548
419,20241023b,fa/fa,Adult,F,7.0,0.0290744645350841,0.0275910680533179,0.0014833964817662013,0.16494375828815597,-0.11114741273653515,-0.41113828256058477,-3.5902631798922897,-3.537894997425103,0.2269906976139272,0.052368182467186664
420,20241023b,fa/fa,Adult,F,8.0,0.0325076173633487,0.0319369737099099,0.0005706436534387987,1.2967885395625867,0.6517139056167109,-0.74219857102204,-3.4439908899043647,-3.4262808366985134,1.205083744606265,0.017710053205851395
421,20241023b,fa/fa,Adult,F,9.0,0.0305326446480487,0.0286892973560062,0.0018433472920425,0.45096586808820455,0.21286647741555367,-0.28058221591943966,-3.5512311401913084,-3.488958851419446,0.4879900068105653,0.06227228877186253
422,20241023b,fa/fa,Adult,F,10.0,0.0313009636412383,0.0289515247836856,0.0023494388575527013,0.5192602050984315,0.38359026088217296,-0.09702012280301268,-3.5421324067927644,-3.4641063946499377,0.5488313860922287,0.07802601214282667
423,20241023b,fa/fa,Adult,F,11.0,0.0310809074593962,0.0290309400419309,0.002049967417465298,0.5399430621830454,0.3346928312047698,-0.20564000133352398,-3.5393931197292314,-3.47116155637366,0.5671484414331881,0.06823156335557146
424,20241023b,fa/fa,Adult,F,12.0,0.0269863283628088,0.0257742773339332,0.001212051028875602,-0.30822000937999255,-0.5751402475933068,-0.5095567164659395,-3.658378286952939,-3.61242489815278,-0.2284811666514076,0.04595338880015909
425,20241023b,fa/fa,Adult,F,13.0,0.0288158774827669,0.027575279946382,0.0012405975363848978,0.16083191420923718,-0.16860656748657107,-0.4992027468946672,-3.590835561713433,-3.5468287422661087,0.2231632968155179,0.04400681944732421
426,20241023b,fa/fa,Adult,F,14.0,0.0287482925233194,0.027466872177442,0.0012814203458774015,0.13259826690531315,-0.1836242360390753,-0.48439609752918583,-3.59477464857439,-3.549176903995701,0.1968234243043336,0.045597744578688815
427,20241023b,fa/fa,Adult,F,15.0,0.0287106660772438,0.0275334829665481,0.001177183110695701,0.1499463365561014,-0.19198499412181058,-0.5222034951911738,-3.592352452517691,-3.5504865849356375,0.21302015658838513,0.04186586758205335
428,20241023b,fa/fa,Adult,F,16.0,0.0289231215501283,0.0274859494381206,0.0014371721120076987,0.1375667359992836,-0.14477647465198057,-0.427904106463033,-3.594080334401464,-3.543113950098406,0.20146616193442954,0.050966384303057666
430,20241024a,fa/fa,Adult,F,3.0,0.0292103304934624,0.0258017332211365,0.0034085972723259007,-0.3010694163616703,-0.08095741266590378,0.28714224781789477,-3.6573136101971633,-3.533232848252027,-0.2213618897726177,0.12408076194513606
433,20241024a,fa/fa,Adult,F,6.0,0.0289309289561388,0.0240941864288302,0.004836742527308601,-0.7457817682559715,-0.14304163547061477,0.8051381010280458,-3.725784694604939,-3.542844050031269,-0.6792141021417505,0.18294064457366987
437,20241024a,fa/fa,Adult,F,10.0,0.0276840970675016,0.0207928608297714,0.006891236237730199,-1.6055768134877093,-0.42009304154257765,1.5503138586981686,-3.873145580529449,-3.586897143741451,-1.6645863687090736,0.28624843678799783
451,20241025a,fa/fa,Adult,F,2.0,0.0240597264429454,0.021957521803152,0.0021022046397933987,-1.302253283517536,-1.2254437763210597,-0.1866932839357194,-3.8186455192028923,-3.727215938286384,-1.3001555455602625,0.09142958091650843
453,20241025a,fa/fa,Adult,F,4.0,0.0235684951908999,0.0220105375089904,0.0015579576819094998,-1.2884459083188238,-1.3345974724415939,-0.38409454009121763,-3.8162339626156334,-3.747844408327642,-1.2840299572439708,0.06838955428799132
454,20241025a,fa/fa,Adult,F,5.0,0.0295724064060523,0.0278900070733373,0.001682399332714999,0.2427992380119341,-0.0005025882408849411,-0.3389588937982535,-3.5794868237272355,-3.5209135684474444,0.29904999905661794,0.05857325527979107
456,20241025a,fa/fa,Adult,F,7.0,0.0289165457554315,0.0304915271378632,-0.0015749813824317005,0.9203373948626306,-0.1462376445044618,-1.5204281434322102,-3.4903064327205775,-3.5433413302003833,0.8953811317603645,-0.05303489747980583
457,20241025a,fa/fa,Adult,F,9.0,0.0283093468984973,0.0265419258997902,0.0017674209987070984,-0.10829412700375236,-0.2811598410026445,-0.30812108492463197,-3.629029686780554,-3.5645632497642357,-0.03223304768138352,0.06446643701631816
459,20241025a,fa/fa,Adult,F,11.0,0.030484303270085,0.0285520111173921,0.0019322921526928986,0.4152111313325948,0.20212481540132843,-0.24832144355016175,-3.556027903420856,-3.490543374727391,0.4559150268996298,0.0654845286934651
461,20241025a,fa/fa,Adult,F,13.0,0.0300076966460352,0.0287008368157758,0.0013068598302594,0.4539711973224321,0.09622077449607537,-0.4751690617135333,-3.550828999297524,-3.506301375356714,0.4906790411598211,0.04452762394081011
462,20241025a,fa/fa,Adult,F,14.0,0.0307856599696718,0.0292166238750729,0.001569036094598901,0.5883024362964753,0.26908756965121045,-0.3800763410927341,-3.53301742091364,-3.4807062828214104,0.6097814424052932,0.05231113809222965
463,20241025a,fa/fa,Adult,F,15.0,0.0309224644599089,0.0292439897475376,0.0016784747123713,0.5954295859360927,0.2994861155358311,-0.3403823743975605,-3.5320812051345785,-3.4762723540436413,0.6160417268655981,0.05580885109093714
464,20241025a,fa/fa,Adult,F,16.0,0.0255290781051989,0.0246091584055384,0.0009199196996604979,-0.6116628088497449,-0.8989475198879201,-0.6155142978801817,-3.704636612419564,-3.667937158635381,-0.5378011787203351,0.036699453784183156
466,20241028a,fa/fa,Adult,M,0.0,0.0216479583920938,0.02519896394814,-0.003551005556046198,-0.4580542452704218,-1.761349005965293,-2.237142584210662,-3.6809523984789765,-3.8328441295763485,-0.37942965817683233,-0.15189173109737197
467,20241028a,fa/fa,Adult,M,2.0,0.0214021202473497,0.0232199178722442,-0.0018177976248945002,-0.9734756901668706,-1.815975298642103,-1.6084988815094265,-3.7627448396590344,-3.844265284883173,-0.9263590733199779,-0.0815204452241387
468,20241028a,fa/fa,Adult,M,5.0,0.0217439288174249,0.0235791576484898,-0.0018352288310648987,-0.8799155215624216,-1.7400239648578124,-1.6148212723735316,-3.747392107645443,-3.828420695243861,-0.8236984775497866,-0.08102858759841824
470,20241028a,fa/fa,Adult,M,11.0,0.0198591892769441,0.0220715791764269,-0.0022123898994827994,-1.2725482570148903,-2.158821193680992,-1.7516195908577037,-3.813464508195498,-3.919088443104485,-1.2655111789263525,-0.10562393490898714
471,20241028a,fa/fa,Adult,M,12.0,0.0166569721708245,0.0216480146206795,-0.0049910424498550016,-1.382861128447875,-2.8703676017278865,-2.75945159784921,-3.8328415321714724,-4.0949264012081095,-1.3950813963876985,-0.2620848690366371
474,20241029b,fa/+,Adult,F,0.0,0.0354290318453327,0.0322266559917258,0.003202375853606901,1.3722332005399045,1.3008647633456731,0.21234464626660848,-3.4349613430605985,-3.34022368632252,1.2654624874707434,0.09473765673807844
475,20241029b,fa/+,Adult,F,2.0,0.0320861458833761,0.027708224114994,0.004377921768382097,0.1954558051388799,0.5580611307640637,0.6387213799967231,-3.586026010396499,-3.439330934427171,0.2553237880653237,0.14669507596932796
476,20241029b,fa/+,Adult,F,3.0,0.0381943581489961,0.0362516024409849,0.0019427557080111957,2.420487579139419,1.9153321567928547,-0.24452625657894675,-3.3172716933899284,-3.265067466711866,2.0524292332251792,0.05220422667806224
477,20241029b,fa/+,Adult,F,6.0,0.0384589562187913,0.0356423526724554,0.002816603546335901,2.261814974280452,1.974126985469248,0.07242298581050123,-3.3342206664242435,-3.2581636785867856,1.9390948984725564,0.07605698783745796
478,20241029b,fa/+,Adult,F,7.0,0.0318959325175194,0.0278769935080683,0.004018939009451099,0.23940999372101146,0.5157949030997393,0.5085164307092299,-3.579953535774487,-3.4452767846088768,0.29592919053982975,0.1346767511656104
479,20241029b,fa/+,Adult,F,8.0,0.0347633639855433,0.0323162144277852,0.0024471495577580993,1.3955577401141073,1.1529505030413871,-0.06157993396783042,-3.4321861800424256,-3.359191205777847,1.2840194380221384,0.0729949742645788
480,20241029b,fa/+,Adult,F,9.0,0.0318308253291668,0.0280250013585949,0.003805823970571897,0.2779570599584202,0.5013278059370292,0.4312184765893712,-3.574658261545952,-3.4473201087385004,0.33133761208895307,0.12733815280745153
482,20241029b,fa/+,Adult,F,12.0,0.0337286526505007,0.0334660947888811,0.00026255786161959865,1.695031817242823,0.9230331959331445,-0.8539429205820885,-3.3972224485202593,-3.389407575844245,1.5178147980425545,0.007814872676014328
483,20241029b,fa/+,Adult,F,13.0,0.0339515269880517,0.0340826835442044,-0.0001311565561527006,1.8556157829454842,0.9725568319249639,-0.9967452266105258,-3.378965837626789,-3.3828214484321406,1.6398930411467145,-0.0038556108053517946
484,20241029b,fa/+,Adult,F,14.0,0.0342325138525236,0.0326256113958944,0.0016069024566292,1.4761368808889082,1.0349933212377136,-0.36634201089108603,-3.4226576734108303,-3.374579389097963,1.3477346234844916,0.048078284312867314
485,20241029b,fa/+,Adult,F,15.0,0.0341591586608118,0.0329283203821906,0.0012308382786212005,1.5549742081246098,1.0186934822685283,-0.5027424814100232,-3.413422189597991,-3.376724539732412,1.4094904249674263,0.036697649865578885
487,20241029b,fa/+,Adult,F,17.0,0.0318446377524102,0.0252991303775367,0.006545507374873499,-0.43196696696064485,0.504396985764494,1.424916167763012,-3.6769852562687872,-3.446886270559975,-0.35290218525262895,0.23009898570881226
488,20241029b,fa/+,Adult,F,19.0,0.0332193631017662,0.0320450071507319,0.0011743559510343018,1.3249246971002047,0.8098668686515483,-0.5232289209844244,-3.4406138908794,-3.4046223471130395,1.22766505010364,0.03599154376636049
492,20241029c,fa/+,Adult,F,0.0,0.0349706902993083,0.0325079713488933,0.0024627189504149993,1.4454987852217582,1.199019301303431,-0.055932832732758585,-3.426269947447132,-3.3532449883445072,1.3235800818482788,0.07302495910262463
493,20241029c,fa/+,Adult,F,1.0,0.0317627913036503,0.0297007018578967,0.002062089445753597,0.7143753844650346,0.4862103529733548,-0.20124327742611522,-3.516584601873691,-3.449459759070542,0.7196643603987453,0.06712484280314879
495,20241029c,fa/+,Adult,F,3.0,0.033476143479486,0.0316357381050314,0.0018404053744546026,1.2183349388042233,0.8669245725387322,-0.2816492650208529,-3.453467844743624,-3.396922228780367,1.1417132754920885,0.05654561596325669
496,20241029c,fa/+,Adult,F,4.0,0.0371941107767176,0.0346271501360678,0.002566960640649804,1.9974163003230563,1.6930728903792907,-0.018123819199397748,-3.363117218610051,-3.2916048426896034,1.7458695324287037,0.07151237592044746
497,20241029c,fa/+,Adult,F,5.0,0.0343501943890545,0.0318130058676915,0.002537188521362997,1.2645024371139706,1.0611424423905453,-0.028922324658165504,-3.4478800832593874,-3.3711476012597914,1.1790774998194327,0.07673248199959604
499,20241029c,fa/+,Adult,F,7.0,0.0348394287803939,0.032688085350517,0.002151343429876898,1.4924075561158112,1.1698524274772217,-0.1688703843348486,-3.420744629844537,-3.357005522643325,1.3605267566420387,0.0637391072012119
500,20241029c,fa/+,Adult,F,8.0,0.0318365220888001,0.0295712154169005,0.0022653066718995966,0.6806520218179317,0.5025936504192271,-0.12753531244339886,-3.5209538429221974,-3.447141154851476,0.6904481343416393,0.0738126880707215
501,20241029c,fa/+,Adult,F,9.0,0.0320922467970656,0.0295486119712342,0.0025436348258313993,0.674765195448975,0.5594167800151006,-0.026584215861800244,-3.521718508441915,-3.4391408108216064,0.6853349715671148,0.08257769762030875
502,20241029c,fa/+,Adult,F,10.0,0.0356344530198068,0.0323542420588021,0.003280210961004698,1.40546163106614,1.346510231466647,0.24057585224902386,-3.4310101365299537,-3.334442327667455,1.291883401747627,0.0965678088624986
503,20241029c,fa/+,Adult,F,11.0,0.034891017342087,0.0325138589778443,0.0023771583642427027,1.4470321553933265,1.1813156276765089,-0.08696611081203652,-3.4260888504543985,-3.3555258656506033,1.3247910405981442,0.07056298480379519
504,20241029c,fa/+,Adult,F,12.0,0.032658731824116,0.0301112377742934,0.0025474940498226017,0.8212950857232761,0.6852921884749937,-0.02518445486614702,-3.502856828921154,-3.421643021828858,0.811459185492919,0.08121380709229609
505,20241029c,fa/+,Adult,F,13.0,0.0323519956197583,0.0300404853873334,0.0023115102324249015,0.8028683810795811,0.617134085137291,-0.11077703616012118,-3.5052092941830075,-3.431079571537313,0.7957287288486703,0.0741297226456945
506,20241029c,fa/+,Adult,F,14.0,0.0328345619161646,0.0304368686757971,0.0023976932403674996,0.9061021813236153,0.7243623908621591,-0.07951800240589421,-3.49210062001203,-3.4162736014058335,0.8833837663337584,0.07582701860619645
507,20241029c,fa/+,Adult,F,15.0,0.0355045751053912,0.0328995398248806,0.0026050352805105995,1.5474786189039635,1.3176508005085046,-0.004313945524747742,-3.414296608394327,-3.3380937145963894,1.4036433643592512,0.07620289379793777
508,20241029c,fa/+,Adult,F,16.0,0.0343139014610391,0.0311925151412202,0.0031213863198188974,1.1029022446384498,1.0530779977538867,0.18296931311387718,-3.4675771122670107,-3.3722047165089135,1.047367473810042,0.0953723957580972
509,20241029c,fa/+,Adult,F,17.0,0.032602889343755,0.0298262102961664,0.0027766790475886004,0.7470627187254981,0.6728837492591251,0.05794215851338844,-3.5123677318997433,-3.4233543643603634,0.7478617120771072,0.08901336753937983
511,20241029c,fa/+,Adult,F,19.0,0.0343413553891436,0.0314608662305537,0.002880489158589905,1.172791424020593,1.059178378609453,0.0955946359713713,-3.459010847384161,-3.3714049546020357,1.1046483444472721,0.0876058927821255
512,20241029c,fa/+,Adult,F,20.0,0.03268760911377,0.0292082738875687,0.003479335226201301,0.5861277710995901,0.6917088463862157,0.3127992786025344,-3.53330325753059,-3.4207591990740007,0.6078701110954634,0.1125440584565891
516,20241030a,fa/fa,Adult,F,4.0,0.0184961731970435,0.019546576926736,-0.0010504037296924992,-1.930158165017351,-2.4616892265542156,-1.3301610485008108,-3.9349551011429624,-3.9901914225090063,-2.077894059147213,-0.05523632136604384
519,20241030a,fa/fa,Adult,F,7.0,0.0167705479961598,0.0156927122459407,0.0010778357502191013,-2.9338561215249044,-2.845130565049813,-0.5582373093810868,-4.154558862553191,-4.08813102650978,-3.5463397377268033,0.0664278360434114
522,20241030a,fa/fa,Adult,F,10.0,0.0173754808830898,0.017542397184007,-0.000166916300917197,-2.452125405402089,-2.7107118768284892,-1.00971547556471,-4.043134631820831,-4.052695211189682,-2.8012685738393173,-0.009560579368850242
525,20241030a,fa/fa,Adult,F,14.0,0.0157076487503992,0.0157759523250134,-0.00006830357461420217,-2.912177130645661,-3.081311347105901,-0.9739481170831543,-4.14926850312101,-4.15360750370819,-3.510964180421082,-0.004339000587179953
526,20241030a,fa/fa,Adult,F,15.0,0.016187143444602,0.0157027630102247,0.00048438043437729755,-2.931238507153683,-2.974765564596174,-0.7734866977742154,-4.15391859419953,-4.123537966353263,-3.542058393495593,0.030380627846266606
527,20241030a,fa/fa,Adult,F,16.0,0.0160673275756054,0.0156341322751715,0.0004331953004339008,-2.9491126501846456,-3.0013891658031695,-0.7920518171387767,-4.158298788482199,-4.130967412028605,-3.57134786160133,0.027331376453593847
532,20241030b,fa/fa,Adult,F,1.0,0.0231421147951968,0.0216741405029627,0.0014679742922340984,-1.3760569210271325,-1.429341029474114,-0.4167319924421101,-3.831635410944317,-3.766101170070292,-1.3870163091028287,0.06553424087402515
537,20241030b,fa/fa,Adult,F,11.0,0.0243493029239074,0.0250054546500221,-0.0006561517261146968,-0.5084516782820204,-1.1610986372954746,-1.187163757251491,-3.688661291912156,-3.715252057218241,-0.43097746034510487,-0.02659076530608484
