,rat,gtyp,age,sex,vessel_idx,treatment,bfi_baseline,bfi_change
15,20240813a,fa/fa,Young,M,0,Vehicle,55.65217971801758,-2.03192138671875
16,20240813a,fa/fa,Young,M,10,Vehicle,58.6665267944336,-2.849647521972656
17,20240813a,fa/fa,Young,M,11,Vehicle,62.93274688720703,-1.416015625
18,20240813a,fa/fa,Young,M,12,Vehicle,47.44821166992188,-1.4843254089355469
19,20240813a,fa/fa,Young,M,13,Vehicle,48.67800521850586,-2.2427635192871094
20,20240813a,fa/fa,Young,M,14,Vehicle,51.62437057495117,-4.925056457519531
21,20240813a,fa/fa,Young,M,1,Vehicle,54.06309127807617,-2.932025909423828
22,20240813a,fa/fa,Young,M,2,Vehicle,53.21796417236328,-1.6153221130371094
23,20240813a,fa/fa,Young,M,3,Vehicle,62.82569122314453,-3.1935272216796875
24,20240813a,fa/fa,Young,M,4,Vehicle,62.74579620361328,-3.1033668518066406
25,20240813a,fa/fa,Young,M,5,Vehicle,59.07408142089844,-2.4554443359375
26,20240813a,fa/fa,Young,M,6,Vehicle,48.12856674194336,-3.063053131103516
27,20240813a,fa/fa,Young,M,7,Vehicle,54.142486572265625,-0.4205551147460937
28,20240813a,fa/fa,Young,M,8,Vehicle,64.2564926147461,-2.318035125732422
29,20240813a,fa/fa,Young,M,9,Vehicle,52.22148895263672,-2.1374282836914062
51,20240814a,fa/fa,Young,M,0,Vehicle,67.96755981445312,3.4310226440429688
52,20240814a,fa/fa,Young,M,10,Vehicle,72.23143005371094,0.4416427612304687
53,20240814a,fa/fa,Young,M,12,Vehicle,60.9000244140625,1.958194732666016
54,20240814a,fa/fa,Young,M,13,Vehicle,71.50132751464844,-2.4278793334960938
55,20240814a,fa/fa,Young,M,14,Vehicle,73.11808013916016,-1.0071334838867188
56,20240814a,fa/fa,Young,M,15,Vehicle,59.41792297363281,1.28271484375
57,20240814a,fa/fa,Young,M,16,Vehicle,63.6280403137207,1.595294952392578
58,20240814a,fa/fa,Young,M,17,Vehicle,60.7442626953125,2.197895050048828
59,20240814a,fa/fa,Young,M,18,Vehicle,58.30469512939453,2.39886474609375
60,20240814a,fa/fa,Young,M,19,Vehicle,59.2351188659668,2.7594070434570312
61,20240814a,fa/fa,Young,M,1,Vehicle,76.8688735961914,1.6547164916992188
62,20240814a,fa/fa,Young,M,2,Vehicle,51.63163757324219,1.1179351806640625
63,20240814a,fa/fa,Young,M,3,Vehicle,74.87246704101562,0.9654769897460938
64,20240814a,fa/fa,Young,M,4,Vehicle,72.48564147949219,1.1058349609375
65,20240814a,fa/fa,Young,M,5,Vehicle,85.79400634765625,3.0335845947265625
66,20240814a,fa/fa,Young,M,6,Vehicle,67.88428497314453,2.730308532714844
67,20240814a,fa/fa,Young,M,7,Vehicle,63.34590530395508,2.3431129455566406
68,20240814a,fa/fa,Young,M,8,Vehicle,63.47264862060547,-0.4965248107910156
69,20240814a,fa/fa,Young,M,9,Vehicle,60.77690887451172,9.182144165039062
98,20240815a,fa/+,Young,F,0,Vehicle,55.119102478027344,6.7966156005859375
99,20240815a,fa/+,Young,F,10,Vehicle,49.12013626098633,5.573268890380859
100,20240815a,fa/+,Young,F,11,Vehicle,50.70888519287109,5.99371337890625
101,20240815a,fa/+,Young,F,12,Vehicle,49.83691787719727,6.311214447021484
102,20240815a,fa/+,Young,F,13,Vehicle,49.954044342041016,6.9642486572265625
103,20240815a,fa/+,Young,F,14,Vehicle,49.353275299072266,4.22991943359375
104,20240815a,fa/+,Young,F,15,Vehicle,50.146331787109375,4.817756652832031
105,20240815a,fa/+,Young,F,16,Vehicle,45.06498336791992,5.377918243408203
106,20240815a,fa/+,Young,F,17,Vehicle,45.4684944152832,4.220817565917969
107,20240815a,fa/+,Young,F,18,Vehicle,45.83804702758789,4.842864990234375
108,20240815a,fa/+,Young,F,19,Vehicle,43.559112548828125,4.521759033203125
109,20240815a,fa/+,Young,F,1,Vehicle,48.805152893066406,5.759635925292969
110,20240815a,fa/+,Young,F,20,Vehicle,55.188087463378906,5.923366546630859
111,20240815a,fa/+,Young,F,21,Vehicle,55.961647033691406,5.238742828369141
112,20240815a,fa/+,Young,F,22,Vehicle,55.897499084472656,4.884174346923828
113,20240815a,fa/+,Young,F,23,Vehicle,47.23917007446289,5.41766357421875
114,20240815a,fa/+,Young,F,24,Vehicle,46.10330581665039,4.998256683349609
115,20240815a,fa/+,Young,F,26,Vehicle,44.80168151855469,6.101345062255859
116,20240815a,fa/+,Young,F,27,Vehicle,44.61680221557617,4.40679931640625
117,20240815a,fa/+,Young,F,28,Vehicle,41.83805847167969,5.611408233642578
118,20240815a,fa/+,Young,F,2,Vehicle,49.5737419128418,5.493457794189453
119,20240815a,fa/+,Young,F,3,Vehicle,44.9535026550293,5.476493835449219
120,20240815a,fa/+,Young,F,4,Vehicle,46.114253997802734,6.062602996826172
121,20240815a,fa/+,Young,F,5,Vehicle,50.14324188232422,6.368427276611328
122,20240815a,fa/+,Young,F,6,Vehicle,56.38884353637695,7.866458892822266
123,20240815a,fa/+,Young,F,7,Vehicle,46.62786483764648,5.121334075927734
124,20240815a,fa/+,Young,F,8,Vehicle,46.58568954467773,5.693275451660156
125,20240815a,fa/+,Young,F,9,Vehicle,47.28725814819336,5.013881683349609
152,20240815b,fa/fa,Young,F,0,Vehicle,46.77941131591797,7.063419342041016
153,20240815b,fa/fa,Young,F,10,Vehicle,53.93056106567383,9.455940246582031
154,20240815b,fa/fa,Young,F,11,Vehicle,55.91852569580078,8.543243408203125
155,20240815b,fa/fa,Young,F,12,Vehicle,50.87893295288086,9.215339660644531
156,20240815b,fa/fa,Young,F,13,Vehicle,49.669883728027344,7.842002868652344
157,20240815b,fa/fa,Young,F,14,Vehicle,53.02116394042969,8.764545440673828
158,20240815b,fa/fa,Young,F,15,Vehicle,57.01062774658203,8.378768920898438
159,20240815b,fa/fa,Young,F,16,Vehicle,66.04417419433594,9.95782470703125
160,20240815b,fa/fa,Young,F,17,Vehicle,61.16212844848633,8.114688873291016
161,20240815b,fa/fa,Young,F,18,Vehicle,65.24946594238281,11.087501525878906
162,20240815b,fa/fa,Young,F,19,Vehicle,66.72846221923828,14.61590576171875
163,20240815b,fa/fa,Young,F,1,Vehicle,49.50831604003906,8.055717468261719
164,20240815b,fa/fa,Young,F,20,Vehicle,56.01129150390625,8.280776977539062
165,20240815b,fa/fa,Young,F,21,Vehicle,58.025428771972656,12.141815185546877
166,20240815b,fa/fa,Young,F,22,Vehicle,53.157020568847656,8.763923645019531
167,20240815b,fa/fa,Young,F,23,Vehicle,57.60586929321289,11.96932601928711
168,20240815b,fa/fa,Young,F,24,Vehicle,59.10411834716797,9.465126037597656
169,20240815b,fa/fa,Young,F,25,Vehicle,57.80973815917969,9.980880737304688
170,20240815b,fa/fa,Young,F,26,Vehicle,63.182090759277344,13.090126037597656
171,20240815b,fa/fa,Young,F,2,Vehicle,52.7020149230957,9.02755355834961
172,20240815b,fa/fa,Young,F,3,Vehicle,48.63321304321289,9.41817855834961
173,20240815b,fa/fa,Young,F,4,Vehicle,52.81298828125,10.042015075683594
174,20240815b,fa/fa,Young,F,5,Vehicle,51.30883407592773,10.219051361083984
175,20240815b,fa/fa,Young,F,6,Vehicle,50.42723083496094,9.583824157714844
176,20240815b,fa/fa,Young,F,7,Vehicle,51.39249420166016,7.789871215820312
177,20240815b,fa/fa,Young,F,8,Vehicle,47.11998748779297,6.967628479003906
178,20240815b,fa/fa,Young,F,9,Vehicle,52.7769889831543,7.752361297607422
202,20240816a,fa/fa,Young,F,0,Vehicle,48.87603759765625,2.4824790954589844
203,20240816a,fa/fa,Young,F,10,Vehicle,46.884765625,2.275959014892578
204,20240816a,fa/fa,Young,F,11,Vehicle,51.4466552734375,2.0515594482421875
205,20240816a,fa/fa,Young,F,12,Vehicle,56.83759307861328,3.3460693359375
206,20240816a,fa/fa,Young,F,13,Vehicle,59.48420715332031,0.8023223876953125
207,20240816a,fa/fa,Young,F,14,Vehicle,63.89366149902344,2.3671875
208,20240816a,fa/fa,Young,F,15,Vehicle,69.35595703125,2.133949279785156
209,20240816a,fa/fa,Young,F,16,Vehicle,58.68399810791016,1.0468368530273438
210,20240816a,fa/fa,Young,F,17,Vehicle,42.57649230957031,2.3863563537597656
211,20240816a,fa/fa,Young,F,18,Vehicle,43.27656936645508,0.8591728210449219
212,20240816a,fa/fa,Young,F,1,Vehicle,43.31607055664063,2.107624053955078
213,20240816a,fa/fa,Young,F,20,Vehicle,40.48876953125,2.078540802001953
214,20240816a,fa/fa,Young,F,21,Vehicle,43.12540817260742,1.8685760498046875
215,20240816a,fa/fa,Young,F,23,Vehicle,45.90195846557617,2.128276824951172
216,20240816a,fa/fa,Young,F,24,Vehicle,40.99177169799805,1.6447410583496094
217,20240816a,fa/fa,Young,F,25,Vehicle,40.93682861328125,2.5605125427246094
218,20240816a,fa/fa,Young,F,26,Vehicle,54.375972747802734,2.39297866821289
219,20240816a,fa/fa,Young,F,27,Vehicle,47.280906677246094,1.3208732604980469
220,20240816a,fa/fa,Young,F,28,Vehicle,46.93498992919922,1.4798355102539062
221,20240816a,fa/fa,Young,F,32,Vehicle,55.95781707763672,3.686576843261719
222,20240816a,fa/fa,Young,F,3,Vehicle,45.0103874206543,1.9506988525390625
223,20240816a,fa/fa,Young,F,4,Vehicle,49.244754791259766,1.5910301208496094
224,20240816a,fa/fa,Young,F,5,Vehicle,46.90346145629883,1.750823974609375
225,20240816a,fa/fa,Young,F,6,Vehicle,50.75406646728516,2.140636444091797
226,20240816a,fa/fa,Young,F,7,Vehicle,54.25885009765625,2.8797531127929688
227,20240816a,fa/fa,Young,F,8,Vehicle,52.32207489013672,1.7058181762695312
228,20240816a,fa/fa,Young,F,9,Vehicle,48.277320861816406,0.4524345397949219
259,20240816b,fa/+,Young,F,0,Vehicle,47.10988998413086,6.83465576171875
260,20240816b,fa/+,Young,F,10,Vehicle,46.796836853027344,8.303619384765625
261,20240816b,fa/+,Young,F,11,Vehicle,46.55470275878906,5.9456787109375
262,20240816b,fa/+,Young,F,12,Vehicle,46.175594329833984,6.671783447265625
263,20240816b,fa/+,Young,F,13,Vehicle,49.15301513671875,6.528953552246094
264,20240816b,fa/+,Young,F,14,Vehicle,48.16273498535156,6.017688751220703
265,20240816b,fa/+,Young,F,15,Vehicle,50.4424934387207,5.704631805419922
266,20240816b,fa/+,Young,F,16,Vehicle,50.56697845458984,5.074764251708984
267,20240816b,fa/+,Young,F,17,Vehicle,53.35707092285156,5.208446502685547
268,20240816b,fa/+,Young,F,18,Vehicle,45.374961853027344,5.259906768798828
269,20240816b,fa/+,Young,F,19,Vehicle,52.55141067504883,7.60797119140625
270,20240816b,fa/+,Young,F,1,Vehicle,51.147499084472656,7.071369171142578
271,20240816b,fa/+,Young,F,20,Vehicle,57.19976043701172,7.651893615722656
272,20240816b,fa/+,Young,F,21,Vehicle,50.25437927246094,8.3155517578125
273,20240816b,fa/+,Young,F,22,Vehicle,48.77727508544922,6.799800872802734
274,20240816b,fa/+,Young,F,23,Vehicle,51.4808464050293,5.848926544189453
275,20240816b,fa/+,Young,F,24,Vehicle,47.182254791259766,5.015556335449219
276,20240816b,fa/+,Young,F,25,Vehicle,42.45388412475586,4.487602233886719
277,20240816b,fa/+,Young,F,26,Vehicle,47.64939880371094,5.034389495849609
278,20240816b,fa/+,Young,F,27,Vehicle,51.87569427490234,7.346561431884766
279,20240816b,fa/+,Young,F,28,Vehicle,43.16807556152344,5.740009307861328
280,20240816b,fa/+,Young,F,29,Vehicle,46.6339111328125,6.646751403808594
281,20240816b,fa/+,Young,F,2,Vehicle,47.76799392700195,6.127635955810547
282,20240816b,fa/+,Young,F,3,Vehicle,47.34772109985352,5.892292022705078
283,20240816b,fa/+,Young,F,4,Vehicle,44.30802154541016,6.646541595458984
284,20240816b,fa/+,Young,F,5,Vehicle,48.08460998535156,6.036518096923828
285,20240816b,fa/+,Young,F,6,Vehicle,57.35902786254883,5.496723175048828
286,20240816b,fa/+,Young,F,7,Vehicle,49.790645599365234,7.2401885986328125
287,20240816b,fa/+,Young,F,8,Vehicle,51.87151718139648,7.864994049072266
288,20240816b,fa/+,Young,F,9,Vehicle,46.406005859375,5.665142059326172
317,20240820a,fa/+,Young,M,0,Vehicle,81.78399658203125,5.348716735839844
318,20240820a,fa/+,Young,M,10,Vehicle,64.57278442382812,2.1379165649414062
319,20240820a,fa/+,Young,M,11,Vehicle,70.76204681396484,6.850990295410156
320,20240820a,fa/+,Young,M,12,Vehicle,62.43672180175781,4.275123596191406
321,20240820a,fa/+,Young,M,13,Vehicle,68.07434844970703,5.009544372558594
322,20240820a,fa/+,Young,M,14,Vehicle,70.6189193725586,3.3426055908203125
323,20240820a,fa/+,Young,M,15,Vehicle,93.33257293701172,4.394821166992188
324,20240820a,fa/+,Young,M,16,Vehicle,72.02639770507812,6.389137268066406
325,20240820a,fa/+,Young,M,17,Vehicle,77.92093658447266,8.040504455566406
326,20240820a,fa/+,Young,M,18,Vehicle,70.38459777832031,6.400581359863281
327,20240820a,fa/+,Young,M,19,Vehicle,67.70256805419922,5.392982482910156
328,20240820a,fa/+,Young,M,1,Vehicle,72.80811309814453,3.744544982910156
329,20240820a,fa/+,Young,M,20,Vehicle,67.7334976196289,11.762130737304688
330,20240820a,fa/+,Young,M,22,Vehicle,56.12274169921875,5.785236358642578
331,20240820a,fa/+,Young,M,23,Vehicle,61.73043823242188,5.776039123535156
332,20240820a,fa/+,Young,M,24,Vehicle,68.21892547607422,5.676200866699219
333,20240820a,fa/+,Young,M,25,Vehicle,72.95647430419922,6.364540100097656
334,20240820a,fa/+,Young,M,26,Vehicle,58.88677215576172,6.288177490234375
335,20240820a,fa/+,Young,M,28,Vehicle,62.45090866088867,4.867008209228516
336,20240820a,fa/+,Young,M,2,Vehicle,67.07523345947266,4.9294281005859375
337,20240820a,fa/+,Young,M,3,Vehicle,56.98945236206055,3.3586959838867188
338,20240820a,fa/+,Young,M,5,Vehicle,61.76792144775391,6.1094512939453125
339,20240820a,fa/+,Young,M,6,Vehicle,59.80543899536133,3.19497299194336
340,20240820a,fa/+,Young,M,7,Vehicle,79.01972198486328,5.813873291015625
341,20240820a,fa/+,Young,M,8,Vehicle,84.38980102539062,4.9335784912109375
342,20240820a,fa/+,Young,M,9,Vehicle,63.80535888671875,6.269302368164063
365,20240820b,fa/fa,Young,M,0,Vehicle,86.18214416503906,3.721839904785156
366,20240820b,fa/fa,Young,M,10,Vehicle,77.4038314819336,4.883644104003906
367,20240820b,fa/fa,Young,M,11,Vehicle,81.77213287353516,6.448028564453125
368,20240820b,fa/fa,Young,M,12,Vehicle,77.68159484863281,6.283058166503906
369,20240820b,fa/fa,Young,M,13,Vehicle,67.70329284667969,5.248664855957031
370,20240820b,fa/fa,Young,M,14,Vehicle,90.30143737792967,5.8127288818359375
371,20240820b,fa/fa,Young,M,15,Vehicle,84.4781723022461,2.955169677734375
372,20240820b,fa/fa,Young,M,16,Vehicle,102.49092864990234,6.919601440429688
373,20240820b,fa/fa,Young,M,17,Vehicle,78.85082244873047,7.1961517333984375
374,20240820b,fa/fa,Young,M,18,Vehicle,75.59724426269531,3.629119873046875
375,20240820b,fa/fa,Young,M,19,Vehicle,80.3119125366211,6.002494812011719
376,20240820b,fa/fa,Young,M,1,Vehicle,72.78300476074219,3.64129638671875
377,20240820b,fa/fa,Young,M,20,Vehicle,82.13275146484375,5.3358154296875
378,20240820b,fa/fa,Young,M,21,Vehicle,84.36376190185547,2.745635986328125
379,20240820b,fa/fa,Young,M,22,Vehicle,73.18929290771484,4.345634460449219
380,20240820b,fa/fa,Young,M,2,Vehicle,73.40057373046875,4.229728698730469
381,20240820b,fa/fa,Young,M,3,Vehicle,92.11005401611328,3.0096969604492188
382,20240820b,fa/fa,Young,M,4,Vehicle,83.87397766113281,3.8016204833984375
383,20240820b,fa/fa,Young,M,5,Vehicle,71.86022186279297,4.952110290527344
384,20240820b,fa/fa,Young,M,6,Vehicle,94.31884765625,6.217208862304688
385,20240820b,fa/fa,Young,M,7,Vehicle,83.4991226196289,7.1819915771484375
386,20240820b,fa/fa,Young,M,8,Vehicle,69.84349060058594,5.860931396484375
387,20240820b,fa/fa,Young,M,9,Vehicle,93.78555297851562,5.0463409423828125
412,20240821a,fa/fa,Young,M,0,Vehicle,48.3339729309082,1.8415756225585935
413,20240821a,fa/fa,Young,M,10,Vehicle,55.19173049926758,2.18178939819336
414,20240821a,fa/fa,Young,M,12,Vehicle,59.64687347412109,0.3983230590820312
415,20240821a,fa/fa,Young,M,13,Vehicle,57.86054992675781,1.8913078308105469
416,20240821a,fa/fa,Young,M,14,Vehicle,73.36043548583984,1.7785873413085938
417,20240821a,fa/fa,Young,M,15,Vehicle,56.13718032836914,1.375102996826172
418,20240821a,fa/fa,Young,M,16,Vehicle,66.73162078857422,2.18603515625
419,20240821a,fa/fa,Young,M,17,Vehicle,71.36161804199219,3.4480133056640625
420,20240821a,fa/fa,Young,M,18,Vehicle,78.15576934814453,0.699798583984375
421,20240821a,fa/fa,Young,M,19,Vehicle,70.07543182373047,3.558509826660156
422,20240821a,fa/fa,Young,M,1,Vehicle,69.31120300292969,2.074859619140625
423,20240821a,fa/fa,Young,M,20,Vehicle,63.157989501953125,2.973335266113281
424,20240821a,fa/fa,Young,M,22,Vehicle,60.64656066894531,2.87514877319336
425,20240821a,fa/fa,Young,M,2,Vehicle,62.24216079711914,2.505313873291016
426,20240821a,fa/fa,Young,M,3,Vehicle,56.63608551025391,3.04669189453125
427,20240821a,fa/fa,Young,M,4,Vehicle,52.77721405029297,2.0148696899414062
428,20240821a,fa/fa,Young,M,5,Vehicle,59.06573867797852,2.0851058959960938
429,20240821a,fa/fa,Young,M,6,Vehicle,60.79355239868164,0.7029953002929688
430,20240821a,fa/fa,Young,M,7,Vehicle,48.09479904174805,1.4352874755859375
431,20240821a,fa/fa,Young,M,8,Vehicle,66.92955780029297,1.8039398193359373
432,20240821a,fa/fa,Young,M,9,Vehicle,56.704345703125,1.734283447265625
457,20240821b,fa/+,Young,M,0,Vehicle,46.03306198120117,2.4369430541992188
458,20240821b,fa/+,Young,M,10,Vehicle,66.55220794677734,4.939208984375
459,20240821b,fa/+,Young,M,11,Vehicle,62.92070770263672,3.8520584106445312
460,20240821b,fa/+,Young,M,12,Vehicle,48.65829086303711,4.418601989746094
461,20240821b,fa/+,Young,M,13,Vehicle,45.94342041015625,1.2458763122558594
462,20240821b,fa/+,Young,M,14,Vehicle,48.94447326660156,1.9016189575195312
463,20240821b,fa/+,Young,M,15,Vehicle,48.40140151977539,4.172008514404297
464,20240821b,fa/+,Young,M,16,Vehicle,52.64137649536133,3.947921752929688
465,20240821b,fa/+,Young,M,17,Vehicle,51.92280960083008,2.4280776977539062
466,20240821b,fa/+,Young,M,18,Vehicle,66.07378387451172,3.7184371948242183
467,20240821b,fa/+,Young,M,19,Vehicle,62.717384338378906,3.5789566040039062
468,20240821b,fa/+,Young,M,1,Vehicle,43.8038444519043,1.533672332763672
469,20240821b,fa/+,Young,M,20,Vehicle,66.90452575683594,1.74560546875
470,20240821b,fa/+,Young,M,21,Vehicle,60.33955001831055,2.0553207397460938
471,20240821b,fa/+,Young,M,22,Vehicle,54.469818115234375,1.5215187072753906
472,20240821b,fa/+,Young,M,23,Vehicle,50.8759994506836,2.162567138671875
473,20240821b,fa/+,Young,M,24,Vehicle,66.34339141845703,1.9066696166992188
474,20240821b,fa/+,Young,M,25,Vehicle,58.32867050170898,3.172840118408203
475,20240821b,fa/+,Young,M,26,Vehicle,50.20649719238281,1.6532554626464844
476,20240821b,fa/+,Young,M,27,Vehicle,65.45050048828125,0.7911605834960938
477,20240821b,fa/+,Young,M,28,Vehicle,53.37195587158203,1.5692787170410156
478,20240821b,fa/+,Young,M,2,Vehicle,57.939823150634766,2.899982452392578
479,20240821b,fa/+,Young,M,3,Vehicle,54.56350326538086,2.3523521423339844
480,20240821b,fa/+,Young,M,4,Vehicle,55.19341278076172,1.9816551208496092
481,20240821b,fa/+,Young,M,5,Vehicle,52.16034698486328,3.0369796752929688
482,20240821b,fa/+,Young,M,6,Vehicle,57.04583740234375,2.7466392517089844
483,20240821b,fa/+,Young,M,7,Vehicle,60.75300216674805,2.306598663330078
484,20240821b,fa/+,Young,M,8,Vehicle,57.43269348144531,1.8674430847167969
485,20240821b,fa/+,Young,M,9,Vehicle,52.50504684448242,3.8840599060058594
518,20240822b,fa/+,Young,M,0,Vehicle,52.4375,1.5026969909667969
519,20240822b,fa/+,Young,M,10,Vehicle,56.15335464477539,-0.6073265075683594
520,20240822b,fa/+,Young,M,11,Vehicle,55.19818115234375,0.7847938537597656
521,20240822b,fa/+,Young,M,12,Vehicle,56.06972503662109,-1.2344932556152344
522,20240822b,fa/+,Young,M,13,Vehicle,57.99098205566406,-0.9152908325195312
523,20240822b,fa/+,Young,M,15,Vehicle,69.23583221435547,-1.281585693359375
524,20240822b,fa/+,Young,M,16,Vehicle,56.959259033203125,-0.0026473999023437
525,20240822b,fa/+,Young,M,17,Vehicle,47.66936492919922,0.2625236511230469
526,20240822b,fa/+,Young,M,18,Vehicle,55.55760192871094,0.9994659423828124
527,20240822b,fa/+,Young,M,19,Vehicle,50.23991775512695,1.4991378784179688
528,20240822b,fa/+,Young,M,1,Vehicle,56.64629364013672,0.9027099609375
529,20240822b,fa/+,Young,M,20,Vehicle,54.07352828979492,-0.1345176696777343
530,20240822b,fa/+,Young,M,21,Vehicle,48.96064376831055,0.12261962890625
531,20240822b,fa/+,Young,M,23,Vehicle,65.37750244140625,-0.6198043823242188
532,20240822b,fa/+,Young,M,24,Vehicle,51.43758773803711,1.3924560546875
533,20240822b,fa/+,Young,M,25,Vehicle,48.320899963378906,0.4659004211425781
534,20240822b,fa/+,Young,M,26,Vehicle,60.96449661254883,-0.8536033630371094
535,20240822b,fa/+,Young,M,27,Vehicle,56.69473648071289,-0.2254447937011718
536,20240822b,fa/+,Young,M,28,Vehicle,61.16724395751953,-1.219097137451172
537,20240822b,fa/+,Young,M,29,Vehicle,56.21297454833984,-0.5137176513671875
538,20240822b,fa/+,Young,M,2,Vehicle,57.99013137817383,-0.2380599975585937
539,20240822b,fa/+,Young,M,30,Vehicle,55.7672004699707,0.4871330261230469
540,20240822b,fa/+,Young,M,31,Vehicle,59.05828475952149,0.6973037719726562
541,20240822b,fa/+,Young,M,32,Vehicle,47.98577880859375,0.0259361267089843
542,20240822b,fa/+,Young,M,33,Vehicle,73.5965576171875,1.0280838012695312
543,20240822b,fa/+,Young,M,3,Vehicle,62.23738479614258,-0.8069267272949219
544,20240822b,fa/+,Young,M,4,Vehicle,69.34883117675781,0.1445846557617187
545,20240822b,fa/+,Young,M,5,Vehicle,59.80411148071289,-1.8875045776367188
546,20240822b,fa/+,Young,M,6,Vehicle,62.36787796020508,0.1605072021484375
547,20240822b,fa/+,Young,M,7,Vehicle,57.23227310180664,0.2946052551269531
548,20240822b,fa/+,Young,M,8,Vehicle,64.91942596435547,-1.922157287597656
549,20240822b,fa/+,Young,M,9,Vehicle,62.7846565246582,0.00677490234375
574,20240823a,fa/fa,Young,F,0,Vehicle,48.52177047729492,5.892810821533203
575,20240823a,fa/fa,Young,F,10,Vehicle,60.20183563232422,5.630821228027344
576,20240823a,fa/fa,Young,F,11,Vehicle,56.31273651123047,4.846897125244141
577,20240823a,fa/fa,Young,F,12,Vehicle,50.159645080566406,2.792343139648437
578,20240823a,fa/fa,Young,F,13,Vehicle,55.29241943359375,6.538215637207031
579,20240823a,fa/fa,Young,F,14,Vehicle,53.25373077392578,3.8263893127441406
580,20240823a,fa/fa,Young,F,15,Vehicle,45.39927673339844,3.135318756103516
581,20240823a,fa/fa,Young,F,16,Vehicle,43.0498275756836,2.902191162109375
582,20240823a,fa/fa,Young,F,17,Vehicle,49.90264892578125,3.869403839111328
583,20240823a,fa/fa,Young,F,18,Vehicle,53.04079055786133,2.8161697387695312
584,20240823a,fa/fa,Young,F,19,Vehicle,49.442501068115234,5.347694396972656
585,20240823a,fa/fa,Young,F,1,Vehicle,48.98717880249024,3.140338897705078
586,20240823a,fa/fa,Young,F,20,Vehicle,49.47792434692383,4.148948669433594
587,20240823a,fa/fa,Young,F,21,Vehicle,56.51180648803711,3.799213409423828
588,20240823a,fa/fa,Young,F,22,Vehicle,59.1076774597168,5.540889739990234
589,20240823a,fa/fa,Young,F,23,Vehicle,54.553955078125,5.198009490966797
590,20240823a,fa/fa,Young,F,2,Vehicle,53.68667221069336,3.5311317443847656
591,20240823a,fa/fa,Young,F,3,Vehicle,49.01243209838867,3.3527145385742188
592,20240823a,fa/fa,Young,F,4,Vehicle,50.06186294555664,3.8673324584960938
593,20240823a,fa/fa,Young,F,5,Vehicle,53.78548049926758,4.633876800537109
594,20240823a,fa/fa,Young,F,6,Vehicle,50.64750289916992,4.886558532714844
595,20240823a,fa/fa,Young,F,7,Vehicle,52.24788284301758,5.761871337890625
596,20240823a,fa/fa,Young,F,8,Vehicle,64.4501953125,4.332206726074219
597,20240823a,fa/fa,Young,F,9,Vehicle,62.82806396484375,4.160980224609375
628,20240823b,fa/fa,Young,F,0,Vehicle,58.38990783691406,-1.644245147705078
629,20240823b,fa/fa,Young,F,10,Vehicle,40.9146728515625,3.7790565490722656
630,20240823b,fa/fa,Young,F,12,Vehicle,45.16398620605469,0.4022140502929687
631,20240823b,fa/fa,Young,F,13,Vehicle,43.47037506103516,1.979942321777344
632,20240823b,fa/fa,Young,F,14,Vehicle,44.619571685791016,2.009262084960937
633,20240823b,fa/fa,Young,F,15,Vehicle,42.00825500488281,2.810138702392578
634,20240823b,fa/fa,Young,F,16,Vehicle,46.56840896606445,1.6634292602539062
635,20240823b,fa/fa,Young,F,17,Vehicle,45.43825912475586,2.135101318359375
636,20240823b,fa/fa,Young,F,1,Vehicle,54.918060302734375,-0.6452560424804688
637,20240823b,fa/fa,Young,F,20,Vehicle,48.03011322021485,3.091011047363281
638,20240823b,fa/fa,Young,F,21,Vehicle,47.52421951293945,4.714813232421875
639,20240823b,fa/fa,Young,F,22,Vehicle,45.841190338134766,4.5699310302734375
640,20240823b,fa/fa,Young,F,23,Vehicle,52.32170104980469,1.2892074584960938
641,20240823b,fa/fa,Young,F,24,Vehicle,52.51148986816406,0.0646476745605468
642,20240823b,fa/fa,Young,F,25,Vehicle,58.356781005859375,0.5146522521972656
643,20240823b,fa/fa,Young,F,26,Vehicle,50.3093376159668,1.724750518798828
644,20240823b,fa/fa,Young,F,27,Vehicle,53.62479019165039,3.177661895751953
645,20240823b,fa/fa,Young,F,28,Vehicle,56.61090850830078,4.131935119628906
646,20240823b,fa/fa,Young,F,29,Vehicle,49.639686584472656,0.8938941955566406
647,20240823b,fa/fa,Young,F,2,Vehicle,57.78807830810547,2.676982879638672
648,20240823b,fa/fa,Young,F,30,Vehicle,46.3647689819336,0.6643905639648438
649,20240823b,fa/fa,Young,F,31,Vehicle,45.75940704345703,1.8927116394042969
650,20240823b,fa/fa,Young,F,33,Vehicle,48.584381103515625,2.3066635131835938
651,20240823b,fa/fa,Young,F,3,Vehicle,47.2683219909668,3.4346923828125
652,20240823b,fa/fa,Young,F,5,Vehicle,47.23276901245117,1.8447494506835935
653,20240823b,fa/fa,Young,F,7,Vehicle,52.20986557006836,0.8954582214355469
654,20240823b,fa/fa,Young,F,8,Vehicle,43.80361175537109,3.2268295288085938
655,20240823b,fa/fa,Young,F,9,Vehicle,45.12545394897461,3.914596557617188
685,20240826a,fa/+,Young,M,0,Vehicle,63.45514678955078,-4.668689727783203
686,20240826a,fa/+,Young,M,10,Vehicle,67.57547760009766,-1.2679290771484375
687,20240826a,fa/+,Young,M,12,Vehicle,56.77605819702149,-0.3012847900390625
688,20240826a,fa/+,Young,M,13,Vehicle,55.272254943847656,-1.4971771240234375
689,20240826a,fa/+,Young,M,14,Vehicle,53.75042724609375,-2.432601928710937
690,20240826a,fa/+,Young,M,15,Vehicle,49.68916320800781,-1.377117156982422
691,20240826a,fa/+,Young,M,16,Vehicle,44.99617004394531,-1.0531539916992188
692,20240826a,fa/+,Young,M,17,Vehicle,49.77911758422852,-1.846221923828125
693,20240826a,fa/+,Young,M,18,Vehicle,54.31364440917969,-0.5250244140625
694,20240826a,fa/+,Young,M,19,Vehicle,50.05115509033203,-1.7670555114746094
695,20240826a,fa/+,Young,M,1,Vehicle,64.17327117919922,-3.7947006225585938
696,20240826a,fa/+,Young,M,20,Vehicle,55.15937042236328,-2.1569061279296875
697,20240826a,fa/+,Young,M,21,Vehicle,56.75615310668945,-1.8174171447753904
698,20240826a,fa/+,Young,M,22,Vehicle,55.54832077026367,-1.293609619140625
699,20240826a,fa/+,Young,M,23,Vehicle,78.08666229248047,-4.137138366699219
700,20240826a,fa/+,Young,M,24,Vehicle,69.30104064941406,-4.2624359130859375
701,20240826a,fa/+,Young,M,25,Vehicle,56.40055084228516,-1.851959228515625
702,20240826a,fa/+,Young,M,26,Vehicle,58.69816207885742,-0.4058723449707031
703,20240826a,fa/+,Young,M,27,Vehicle,59.35614776611328,-2.2033615112304688
704,20240826a,fa/+,Young,M,28,Vehicle,63.67992782592773,-1.1632347106933594
705,20240826a,fa/+,Young,M,29,Vehicle,58.87273788452149,-1.0578498840332031
706,20240826a,fa/+,Young,M,2,Vehicle,59.60112380981445,-2.660114288330078
707,20240826a,fa/+,Young,M,30,Vehicle,54.23235321044922,-0.8466758728027344
708,20240826a,fa/+,Young,M,3,Vehicle,53.06646728515625,-1.110248565673828
709,20240826a,fa/+,Young,M,4,Vehicle,65.2780532836914,-2.6836700439453125
710,20240826a,fa/+,Young,M,5,Vehicle,84.57972717285156,-2.99505615234375
711,20240826a,fa/+,Young,M,6,Vehicle,62.27740478515625,-1.023174285888672
712,20240826a,fa/+,Young,M,7,Vehicle,68.10625457763672,-2.982513427734375
713,20240826a,fa/+,Young,M,8,Vehicle,66.96766662597656,-1.868988037109375
714,20240826a,fa/+,Young,M,9,Vehicle,66.59429168701172,-2.812480926513672
26,20241011a,fa/+,Adult,F,0,Vehicle,68.6012954711914,9.610389709472656
27,20241011a,fa/+,Adult,F,10,Vehicle,61.26751327514648,10.51174545288086
28,20241011a,fa/+,Adult,F,11,Vehicle,57.65256118774414,6.784709930419922
29,20241011a,fa/+,Adult,F,12,Vehicle,57.97413635253906,6.589363098144531
30,20241011a,fa/+,Adult,F,13,Vehicle,58.649044036865234,7.312923431396484
31,20241011a,fa/+,Adult,F,14,Vehicle,56.69977188110352,7.136997222900391
32,20241011a,fa/+,Adult,F,15,Vehicle,57.64309310913086,6.951206207275391
33,20241011a,fa/+,Adult,F,16,Vehicle,56.93756103515625,8.194107055664062
34,20241011a,fa/+,Adult,F,17,Vehicle,63.83681106567383,7.119197845458984
35,20241011a,fa/+,Adult,F,18,Vehicle,62.24762725830078,7.0829925537109375
36,20241011a,fa/+,Adult,F,1,Vehicle,61.60177612304688,8.649177551269531
37,20241011a,fa/+,Adult,F,21,Vehicle,58.38581466674805,6.010746002197266
38,20241011a,fa/+,Adult,F,22,Vehicle,55.93337631225586,6.211662292480469
39,20241011a,fa/+,Adult,F,23,Vehicle,65.78687286376953,7.790107727050781
40,20241011a,fa/+,Adult,F,24,Vehicle,57.68344497680664,5.931995391845703
41,20241011a,fa/+,Adult,F,25,Vehicle,54.67133712768555,6.134296417236328
42,20241011a,fa/+,Adult,F,26,Vehicle,56.74764633178711,5.947589874267578
43,20241011a,fa/+,Adult,F,27,Vehicle,55.76536178588867,5.889476776123047
44,20241011a,fa/+,Adult,F,28,Vehicle,59.76474380493164,8.927265167236328
45,20241011a,fa/+,Adult,F,2,Vehicle,61.17094802856445,8.31533432006836
46,20241011a,fa/+,Adult,F,3,Vehicle,60.43880844116211,7.756999969482422
47,20241011a,fa/+,Adult,F,4,Vehicle,63.45978546142578,9.166908264160156
48,20241011a,fa/+,Adult,F,5,Vehicle,61.71735382080078,6.756187438964844
49,20241011a,fa/+,Adult,F,6,Vehicle,63.22209167480469,7.3938140869140625
50,20241011a,fa/+,Adult,F,7,Vehicle,63.81235504150391,8.83148193359375
51,20241011a,fa/+,Adult,F,8,Vehicle,68.15512084960938,8.932350158691406
52,20241011a,fa/+,Adult,F,9,Vehicle,60.70320510864258,9.61423110961914
81,20241011b,fa/+,Adult,F,0,Vehicle,75.05858612060547,2.873077392578125
82,20241011b,fa/+,Adult,F,10,Vehicle,84.03331756591797,-0.8212051391601562
83,20241011b,fa/+,Adult,F,11,Vehicle,67.74041748046875,-0.5071945190429688
84,20241011b,fa/+,Adult,F,12,Vehicle,71.16629791259766,2.035438537597656
85,20241011b,fa/+,Adult,F,13,Vehicle,69.58748626708984,1.216705322265625
86,20241011b,fa/+,Adult,F,14,Vehicle,67.68608856201172,1.1657333374023438
87,20241011b,fa/+,Adult,F,15,Vehicle,75.91011810302734,1.1336669921875
88,20241011b,fa/+,Adult,F,16,Vehicle,70.70406341552734,2.7819747924804688
89,20241011b,fa/+,Adult,F,17,Vehicle,73.66513061523438,-0.042205810546875
90,20241011b,fa/+,Adult,F,18,Vehicle,66.38714599609375,-0.37188720703125
91,20241011b,fa/+,Adult,F,19,Vehicle,67.83999633789062,1.3384780883789062
92,20241011b,fa/+,Adult,F,1,Vehicle,83.25765991210938,2.7705154418945312
93,20241011b,fa/+,Adult,F,20,Vehicle,66.47674560546875,1.2521896362304688
94,20241011b,fa/+,Adult,F,21,Vehicle,64.8975830078125,0.6083984375
95,20241011b,fa/+,Adult,F,22,Vehicle,66.89408111572266,-0.17669677734375
96,20241011b,fa/+,Adult,F,23,Vehicle,71.08765411376953,2.3897781372070312
97,20241011b,fa/+,Adult,F,24,Vehicle,68.72863006591797,-0.9294509887695312
98,20241011b,fa/+,Adult,F,25,Vehicle,71.0760726928711,1.4856185913085938
99,20241011b,fa/+,Adult,F,26,Vehicle,84.3353271484375,-1.8543777465820312
100,20241011b,fa/+,Adult,F,27,Vehicle,72.21736145019531,-1.568023681640625
101,20241011b,fa/+,Adult,F,28,Vehicle,65.46361541748047,2.1044464111328125
102,20241011b,fa/+,Adult,F,29,Vehicle,65.23204040527344,2.8512039184570312
103,20241011b,fa/+,Adult,F,2,Vehicle,72.51836395263672,1.5296478271484375
104,20241011b,fa/+,Adult,F,3,Vehicle,67.43553924560547,1.684783935546875
105,20241011b,fa/+,Adult,F,4,Vehicle,71.63469696044922,5.275703430175781
106,20241011b,fa/+,Adult,F,5,Vehicle,74.16046905517578,0.2419052124023437
107,20241011b,fa/+,Adult,F,6,Vehicle,81.34647369384766,2.351600646972656
108,20241011b,fa/+,Adult,F,7,Vehicle,67.10079193115234,2.4313278198242188
109,20241011b,fa/+,Adult,F,8,Vehicle,73.11991119384766,2.038002014160156
110,20241011b,fa/+,Adult,F,9,Vehicle,80.13666534423828,-0.07110595703125
142,20241014a,fa/+,Adult,F,0,Vehicle,64.37605285644531,5.608985900878906
143,20241014a,fa/+,Adult,F,10,Vehicle,77.13153839111328,6.059394836425781
144,20241014a,fa/+,Adult,F,11,Vehicle,66.88219451904297,7.094261169433594
145,20241014a,fa/+,Adult,F,12,Vehicle,62.78824615478516,8.960960388183594
146,20241014a,fa/+,Adult,F,13,Vehicle,71.0120620727539,9.436378479003906
147,20241014a,fa/+,Adult,F,14,Vehicle,72.85971069335938,7.878959655761719
148,20241014a,fa/+,Adult,F,15,Vehicle,82.84925079345703,8.347900390625
149,20241014a,fa/+,Adult,F,16,Vehicle,77.19924926757812,9.729850769042969
150,20241014a,fa/+,Adult,F,17,Vehicle,77.062744140625,9.00445556640625
151,20241014a,fa/+,Adult,F,18,Vehicle,78.80896759033203,8.162551879882812
152,20241014a,fa/+,Adult,F,19,Vehicle,63.823673248291016,6.797306060791016
153,20241014a,fa/+,Adult,F,1,Vehicle,77.22441864013672,3.5007247924804688
154,20241014a,fa/+,Adult,F,20,Vehicle,70.3128890991211,5.495460510253906
155,20241014a,fa/+,Adult,F,21,Vehicle,69.70454406738281,6.943656921386719
156,20241014a,fa/+,Adult,F,22,Vehicle,75.85494995117188,5.042594909667969
157,20241014a,fa/+,Adult,F,23,Vehicle,63.17224884033203,6.2115631103515625
158,20241014a,fa/+,Adult,F,24,Vehicle,60.62580490112305,5.487636566162109
159,20241014a,fa/+,Adult,F,25,Vehicle,78.64949798583984,7.140998840332031
160,20241014a,fa/+,Adult,F,26,Vehicle,85.26732635498047,11.683372497558594
161,20241014a,fa/+,Adult,F,27,Vehicle,74.69303131103516,8.858627319335938
162,20241014a,fa/+,Adult,F,28,Vehicle,63.51203155517578,8.355659484863281
163,20241014a,fa/+,Adult,F,29,Vehicle,71.08918762207031,5.8279876708984375
164,20241014a,fa/+,Adult,F,2,Vehicle,68.0656967163086,4.876426696777344
165,20241014a,fa/+,Adult,F,30,Vehicle,77.3502426147461,8.642074584960938
166,20241014a,fa/+,Adult,F,31,Vehicle,72.64747619628906,8.963203430175781
167,20241014a,fa/+,Adult,F,4,Vehicle,60.20171356201172,7.4741363525390625
168,20241014a,fa/+,Adult,F,5,Vehicle,61.27829360961914,7.174907684326172
169,20241014a,fa/+,Adult,F,6,Vehicle,65.77384948730469,6.525047302246094
170,20241014a,fa/+,Adult,F,7,Vehicle,65.23323059082031,8.901588439941406
171,20241014a,fa/+,Adult,F,8,Vehicle,72.86579895019531,9.861541748046877
172,20241014a,fa/+,Adult,F,9,Vehicle,72.81700134277344,6.719406127929688
194,20241014b,fa/+,Adult,M,0,Vehicle,66.05728149414062,-5.824512481689453
195,20241014b,fa/+,Adult,M,10,Vehicle,66.96734619140625,-6.0401153564453125
196,20241014b,fa/+,Adult,M,11,Vehicle,67.91259002685547,-5.697269439697266
197,20241014b,fa/+,Adult,M,12,Vehicle,61.23713684082031,-2.74795150756836
198,20241014b,fa/+,Adult,M,14,Vehicle,67.69316101074219,-4.514308929443359
199,20241014b,fa/+,Adult,M,17,Vehicle,58.57771682739258,-3.336509704589844
200,20241014b,fa/+,Adult,M,18,Vehicle,57.5107536315918,-4.268749237060547
201,20241014b,fa/+,Adult,M,19,Vehicle,55.607688903808594,-3.117134094238281
202,20241014b,fa/+,Adult,M,1,Vehicle,63.43869018554688,-5.684253692626953
203,20241014b,fa/+,Adult,M,2,Vehicle,72.13532257080078,-6.675117492675781
204,20241014b,fa/+,Adult,M,3,Vehicle,64.10758972167969,-5.999076843261719
205,20241014b,fa/+,Adult,M,4,Vehicle,73.59800720214844,-7.5385589599609375
206,20241014b,fa/+,Adult,M,5,Vehicle,56.769187927246094,-4.5013275146484375
207,20241014b,fa/+,Adult,M,6,Vehicle,61.912967681884766,-3.8899002075195312
208,20241014b,fa/+,Adult,M,7,Vehicle,66.5496597290039,-7.275825500488281
209,20241014b,fa/+,Adult,M,8,Vehicle,68.36900329589844,-5.937580108642578
210,20241014b,fa/+,Adult,M,9,Vehicle,60.39234924316406,-2.16949462890625
237,20241015a,fa/+,Adult,M,0,Vehicle,42.11103820800781,-1.2977523803710938
238,20241015a,fa/+,Adult,M,10,Vehicle,48.44748306274414,2.877971649169922
239,20241015a,fa/+,Adult,M,11,Vehicle,44.719215393066406,0.5140228271484375
240,20241015a,fa/+,Adult,M,12,Vehicle,46.99313735961914,-0.2540168762207031
241,20241015a,fa/+,Adult,M,13,Vehicle,48.96452713012695,0.6007423400878906
242,20241015a,fa/+,Adult,M,16,Vehicle,54.98023223876953,0.2468643188476562
243,20241015a,fa/+,Adult,M,17,Vehicle,41.32759475708008,4.781612396240234
244,20241015a,fa/+,Adult,M,18,Vehicle,60.91798782348633,5.915538787841797
245,20241015a,fa/+,Adult,M,19,Vehicle,45.579959869384766,3.734161376953125
246,20241015a,fa/+,Adult,M,1,Vehicle,42.08335494995117,1.978130340576172
247,20241015a,fa/+,Adult,M,20,Vehicle,41.774227142333984,3.3191375732421875
248,20241015a,fa/+,Adult,M,21,Vehicle,47.0761833190918,1.7747459411621094
249,20241015a,fa/+,Adult,M,22,Vehicle,49.19462966918945,5.3211517333984375
250,20241015a,fa/+,Adult,M,24,Vehicle,45.1745491027832,4.632652282714844
251,20241015a,fa/+,Adult,M,25,Vehicle,43.42173385620117,2.1844215393066406
252,20241015a,fa/+,Adult,M,2,Vehicle,43.462772369384766,0.8846549987792969
253,20241015a,fa/+,Adult,M,3,Vehicle,50.23494338989258,0.0658531188964843
254,20241015a,fa/+,Adult,M,4,Vehicle,51.47034454345703,-3.206024169921875
255,20241015a,fa/+,Adult,M,5,Vehicle,44.09614944458008,2.5243492126464844
256,20241015a,fa/+,Adult,M,6,Vehicle,52.69841766357422,4.949249267578125
257,20241015a,fa/+,Adult,M,7,Vehicle,45.67233657836914,5.658245086669922
258,20241015a,fa/+,Adult,M,9,Vehicle,48.30669021606445,1.5347671508789062
279,20241015b,fa/+,Adult,M,0,Vehicle,59.30089569091797,0.04052734375
280,20241015b,fa/+,Adult,M,10,Vehicle,66.0748291015625,-2.9403076171875
281,20241015b,fa/+,Adult,M,11,Vehicle,74.69265747070312,-2.4337081909179688
282,20241015b,fa/+,Adult,M,12,Vehicle,80.64078521728516,0.1591567993164062
283,20241015b,fa/+,Adult,M,13,Vehicle,60.35504531860352,-1.092987060546875
284,20241015b,fa/+,Adult,M,14,Vehicle,69.26245880126953,-1.7755050659179688
285,20241015b,fa/+,Adult,M,15,Vehicle,69.40154266357422,-0.7784805297851562
286,20241015b,fa/+,Adult,M,16,Vehicle,61.98656845092773,-2.982666015625
287,20241015b,fa/+,Adult,M,17,Vehicle,53.6103630065918,-2.19497299194336
288,20241015b,fa/+,Adult,M,18,Vehicle,72.63314056396484,-2.24127197265625
289,20241015b,fa/+,Adult,M,19,Vehicle,66.03636169433594,-1.5574569702148438
290,20241015b,fa/+,Adult,M,1,Vehicle,59.17588424682617,-1.9744644165039065
291,20241015b,fa/+,Adult,M,2,Vehicle,63.37978744506836,-1.0513076782226562
292,20241015b,fa/+,Adult,M,3,Vehicle,53.47272491455078,-0.1652946472167968
293,20241015b,fa/+,Adult,M,4,Vehicle,50.47199630737305,-0.9323005676269532
294,20241015b,fa/+,Adult,M,5,Vehicle,80.12153625488281,-4.6216888427734375
295,20241015b,fa/+,Adult,M,6,Vehicle,58.1637077331543,-3.914405822753906
296,20241015b,fa/+,Adult,M,7,Vehicle,71.1919937133789,-0.3440475463867187
297,20241015b,fa/+,Adult,M,8,Vehicle,66.52189636230469,-2.7414207458496094
298,20241015b,fa/+,Adult,M,9,Vehicle,69.68766021728516,-0.1772384643554687
322,20241021a,fa/fa,Adult,M,0,Vehicle,66.0576171875,3.08941650390625
323,20241021a,fa/fa,Adult,M,10,Vehicle,79.3447494506836,2.518882751464844
324,20241021a,fa/fa,Adult,M,11,Vehicle,81.29280853271484,4.274940490722656
325,20241021a,fa/fa,Adult,M,12,Vehicle,58.06721878051758,3.744472503662109
326,20241021a,fa/fa,Adult,M,13,Vehicle,60.93223571777344,1.8604621887207031
327,20241021a,fa/fa,Adult,M,14,Vehicle,59.2247200012207,1.8937873840332031
328,20241021a,fa/fa,Adult,M,15,Vehicle,85.68819427490234,2.457870483398437
329,20241021a,fa/fa,Adult,M,16,Vehicle,75.03430938720703,2.1133575439453125
330,20241021a,fa/fa,Adult,M,17,Vehicle,53.36629104614258,0.9305038452148438
331,20241021a,fa/fa,Adult,M,18,Vehicle,89.83409118652344,-0.6988906860351562
332,20241021a,fa/fa,Adult,M,1,Vehicle,67.32879638671875,3.1605453491210938
333,20241021a,fa/fa,Adult,M,20,Vehicle,84.95996856689453,0.2179718017578125
334,20241021a,fa/fa,Adult,M,21,Vehicle,83.94044494628906,3.2409439086914062
335,20241021a,fa/fa,Adult,M,22,Vehicle,83.07756042480469,1.6267242431640625
336,20241021a,fa/fa,Adult,M,2,Vehicle,67.53318786621094,0.4923553466796875
337,20241021a,fa/fa,Adult,M,3,Vehicle,76.11819458007812,0.2487564086914062
338,20241021a,fa/fa,Adult,M,4,Vehicle,79.5211181640625,1.6941146850585938
339,20241021a,fa/fa,Adult,M,5,Vehicle,74.02388763427734,-0.1515121459960937
340,20241021a,fa/fa,Adult,M,6,Vehicle,77.2405014038086,2.978668212890625
341,20241021a,fa/fa,Adult,M,7,Vehicle,79.34031677246094,0.00341796875
342,20241021a,fa/fa,Adult,M,8,Vehicle,76.03103637695312,1.2518463134765625
343,20241021a,fa/fa,Adult,M,9,Vehicle,74.08043670654297,0.8043594360351562
362,20241021b,fa/+,Adult,F,10,Vehicle,57.421653747558594,3.240795135498047
363,20241021b,fa/+,Adult,F,11,Vehicle,55.3906364440918,6.063255310058594
364,20241021b,fa/+,Adult,F,13,Vehicle,52.93525314331055,4.576885223388672
365,20241021b,fa/+,Adult,F,14,Vehicle,49.8468017578125,5.034927368164063
366,20241021b,fa/+,Adult,F,15,Vehicle,51.40431213378906,4.763587951660156
367,20241021b,fa/+,Adult,F,16,Vehicle,56.80307388305664,5.554622650146484
368,20241021b,fa/+,Adult,F,17,Vehicle,53.115081787109375,4.881141662597656
369,20241021b,fa/+,Adult,F,18,Vehicle,61.70106887817383,7.568965911865234
370,20241021b,fa/+,Adult,F,19,Vehicle,56.6058464050293,6.575313568115234
371,20241021b,fa/+,Adult,F,1,Vehicle,65.9101333618164,0.60272216796875
372,20241021b,fa/+,Adult,F,20,Vehicle,64.66941833496094,7.073417663574219
373,20241021b,fa/+,Adult,F,21,Vehicle,54.2590217590332,3.95180892944336
374,20241021b,fa/+,Adult,F,2,Vehicle,58.29957580566406,5.442760467529297
375,20241021b,fa/+,Adult,F,3,Vehicle,65.38237762451172,3.522003173828125
376,20241021b,fa/+,Adult,F,4,Vehicle,56.10047912597656,3.281929016113281
377,20241021b,fa/+,Adult,F,5,Vehicle,55.22949600219727,4.914615631103516
378,20241021b,fa/+,Adult,F,6,Vehicle,52.90997314453125,3.645160675048828
379,20241021b,fa/+,Adult,F,7,Vehicle,59.1619987487793,4.741291046142578
380,20241021b,fa/+,Adult,F,8,Vehicle,55.15998077392578,4.699264526367188
381,20241021b,fa/+,Adult,F,9,Vehicle,53.02965545654297,3.482067108154297
408,20241022a,fa/+,Adult,F,0,Vehicle,70.32972717285156,8.799163818359375
409,20241022a,fa/+,Adult,F,10,Vehicle,71.44908905029297,9.820297241210938
410,20241022a,fa/+,Adult,F,11,Vehicle,71.45269012451172,12.12944793701172
411,20241022a,fa/+,Adult,F,12,Vehicle,86.99042510986328,12.282341003417969
412,20241022a,fa/+,Adult,F,13,Vehicle,70.20927429199219,11.00128173828125
413,20241022a,fa/+,Adult,F,14,Vehicle,66.78498077392578,7.779006958007812
414,20241022a,fa/+,Adult,F,15,Vehicle,67.01097869873047,8.129570007324219
415,20241022a,fa/+,Adult,F,16,Vehicle,65.34288787841797,7.022377014160156
416,20241022a,fa/+,Adult,F,17,Vehicle,66.59748077392578,8.912162780761719
417,20241022a,fa/+,Adult,F,18,Vehicle,59.06131362915039,8.473896026611328
418,20241022a,fa/+,Adult,F,19,Vehicle,65.94660949707031,5.652915954589844
419,20241022a,fa/+,Adult,F,1,Vehicle,62.71414566040039,5.740016937255859
420,20241022a,fa/+,Adult,F,20,Vehicle,59.2337646484375,6.531547546386719
421,20241022a,fa/+,Adult,F,21,Vehicle,61.6928825378418,6.377140045166016
422,20241022a,fa/+,Adult,F,22,Vehicle,60.52042770385742,8.477054595947266
423,20241022a,fa/+,Adult,F,23,Vehicle,60.950931549072266,9.37209701538086
424,20241022a,fa/+,Adult,F,24,Vehicle,67.77653503417969,5.9962921142578125
425,20241022a,fa/+,Adult,F,25,Vehicle,68.1766128540039,8.416656494140625
426,20241022a,fa/+,Adult,F,26,Vehicle,71.8984146118164,8.584983825683594
427,20241022a,fa/+,Adult,F,27,Vehicle,67.6954116821289,10.357467651367188
428,20241022a,fa/+,Adult,F,28,Vehicle,68.8001937866211,9.461296081542969
429,20241022a,fa/+,Adult,F,29,Vehicle,56.49116516113281,6.823905944824219
430,20241022a,fa/+,Adult,F,2,Vehicle,68.13353729248047,8.423248291015625
431,20241022a,fa/+,Adult,F,3,Vehicle,71.92536926269531,12.102073669433594
432,20241022a,fa/+,Adult,F,4,Vehicle,67.6944580078125,8.979026794433594
433,20241022a,fa/+,Adult,F,5,Vehicle,65.0149154663086,8.373069763183594
434,20241022a,fa/+,Adult,F,6,Vehicle,64.3621826171875,6.913185119628906
435,20241022a,fa/+,Adult,F,7,Vehicle,59.10335159301758,5.796222686767578
436,20241022a,fa/+,Adult,F,8,Vehicle,67.79049682617188,7.559280395507812
437,20241022a,fa/+,Adult,F,9,Vehicle,66.04869079589844,11.221893310546877
449,20241022b,fa/fa,Adult,M,0,Vehicle,60.64240646362305,5.239330291748047
450,20241022b,fa/fa,Adult,M,1,Vehicle,66.61650848388672,5.891212463378906
451,20241022b,fa/fa,Adult,M,2,Vehicle,69.5177993774414,6.844764709472656
452,20241022b,fa/fa,Adult,M,3,Vehicle,75.3795166015625,5.342460632324219
453,20241022b,fa/fa,Adult,M,4,Vehicle,67.47911071777344,7.801544189453125
454,20241022b,fa/fa,Adult,M,5,Vehicle,68.12333679199219,6.896659851074219
455,20241022b,fa/fa,Adult,M,6,Vehicle,62.34407424926758,8.015125274658203
456,20241022b,fa/fa,Adult,M,8,Vehicle,68.35257720947266,6.594551086425781
457,20241022b,fa/fa,Adult,M,9,Vehicle,68.04401397705078,4.982017517089844
479,20241023a,fa/+,Adult,M,0,Vehicle,63.60243606567383,0.5486106872558594
480,20241023a,fa/+,Adult,M,10,Vehicle,52.9305419921875,0.974201202392578
481,20241023a,fa/+,Adult,M,11,Vehicle,61.60174560546875,0.8982620239257812
482,20241023a,fa/+,Adult,M,12,Vehicle,67.56700897216797,-0.1285552978515625
483,20241023a,fa/+,Adult,M,13,Vehicle,70.53999328613281,0.7205657958984375
484,20241023a,fa/+,Adult,M,14,Vehicle,57.47653579711914,0.2794151306152344
485,20241023a,fa/+,Adult,M,15,Vehicle,59.22328567504883,-0.3382530212402344
486,20241023a,fa/+,Adult,M,16,Vehicle,64.69100952148438,-0.110565185546875
487,20241023a,fa/+,Adult,M,17,Vehicle,72.49107360839844,-0.0171051025390625
488,20241023a,fa/+,Adult,M,18,Vehicle,58.031097412109375,-0.3013725280761719
489,20241023a,fa/+,Adult,M,19,Vehicle,73.91079711914062,1.0663375854492188
490,20241023a,fa/+,Adult,M,1,Vehicle,61.91484069824219,0.7784690856933594
491,20241023a,fa/+,Adult,M,20,Vehicle,54.24835586547852,0.4704513549804687
492,20241023a,fa/+,Adult,M,2,Vehicle,60.574554443359375,1.41839599609375
493,20241023a,fa/+,Adult,M,3,Vehicle,73.88883209228516,-0.990875244140625
494,20241023a,fa/+,Adult,M,4,Vehicle,55.22014999389648,-0.1024551391601562
495,20241023a,fa/+,Adult,M,5,Vehicle,81.14541625976562,0.9936676025390624
496,20241023a,fa/+,Adult,M,6,Vehicle,62.90386581420898,-0.326751708984375
497,20241023a,fa/+,Adult,M,7,Vehicle,51.61910629272461,-0.8710746765136719
498,20241023a,fa/+,Adult,M,8,Vehicle,52.29825973510742,-0.700714111328125
499,20241023a,fa/+,Adult,M,9,Vehicle,58.06420516967773,-0.2674179077148437
517,20241023b,fa/fa,Adult,F,0,Vehicle,48.56428527832031,7.016853332519531
518,20241023b,fa/fa,Adult,F,10,Vehicle,55.233028411865234,2.70010757446289
519,20241023b,fa/fa,Adult,F,11,Vehicle,49.11784362792969,2.344593048095703
520,20241023b,fa/fa,Adult,F,12,Vehicle,50.1635627746582,2.523139953613281
521,20241023b,fa/fa,Adult,F,13,Vehicle,49.06028366088867,2.8371658325195312
522,20241023b,fa/fa,Adult,F,14,Vehicle,48.6640739440918,1.7433853149414062
523,20241023b,fa/fa,Adult,F,15,Vehicle,52.07798767089844,2.8859634399414062
524,20241023b,fa/fa,Adult,F,16,Vehicle,50.420108795166016,2.8986778259277344
525,20241023b,fa/fa,Adult,F,1,Vehicle,46.26170349121094,4.002429962158203
526,20241023b,fa/fa,Adult,F,2,Vehicle,59.7319221496582,2.942066192626953
527,20241023b,fa/fa,Adult,F,3,Vehicle,53.49716567993164,2.957347869873047
528,20241023b,fa/fa,Adult,F,4,Vehicle,53.13034057617188,4.053192138671875
529,20241023b,fa/fa,Adult,F,5,Vehicle,59.86871719360352,5.782985687255859
530,20241023b,fa/fa,Adult,F,6,Vehicle,50.19502258300781,5.876857757568359
531,20241023b,fa/fa,Adult,F,7,Vehicle,54.00865173339844,7.188980102539063
532,20241023b,fa/fa,Adult,F,8,Vehicle,56.71340560913086,4.150066375732422
533,20241023b,fa/fa,Adult,F,9,Vehicle,62.54631042480469,4.127235412597656
548,20241024a,fa/fa,Adult,F,0,Vehicle,39.59101486206055,-0.2985649108886719
549,20241024a,fa/fa,Adult,F,10,Vehicle,47.8643798828125,-0.6163406372070312
550,20241024a,fa/fa,Adult,F,11,Vehicle,45.64128875732422,-1.4469451904296875
551,20241024a,fa/fa,Adult,F,12,Vehicle,41.59929656982422,-1.1115493774414062
552,20241024a,fa/fa,Adult,F,13,Vehicle,43.83767318725586,0.6079254150390625
553,20241024a,fa/fa,Adult,F,1,Vehicle,38.40326690673828,-0.4905815124511719
554,20241024a,fa/fa,Adult,F,2,Vehicle,43.260555267333984,0.3565444946289062
555,20241024a,fa/fa,Adult,F,3,Vehicle,48.43576431274414,-1.5871047973632812
556,20241024a,fa/fa,Adult,F,4,Vehicle,42.5025749206543,-0.0998878479003906
557,20241024a,fa/fa,Adult,F,5,Vehicle,38.80896759033203,-0.3908195495605469
558,20241024a,fa/fa,Adult,F,6,Vehicle,54.51507568359375,-2.6968231201171875
559,20241024a,fa/fa,Adult,F,7,Vehicle,47.93930816650391,1.3483123779296875
560,20241024a,fa/fa,Adult,F,8,Vehicle,42.13587188720703,0.0543289184570312
561,20241024a,fa/fa,Adult,F,9,Vehicle,38.74015426635742,0.0707321166992187
594,20241025a,fa/fa,Adult,F,10,Vehicle,71.50205993652344,-4.1649169921875
595,20241025a,fa/fa,Adult,F,11,Vehicle,76.74476623535156,3.2701416015625
596,20241025a,fa/fa,Adult,F,12,Vehicle,78.18970489501953,5.146293640136719
597,20241025a,fa/fa,Adult,F,13,Vehicle,69.60016632080078,1.72003173828125
598,20241025a,fa/fa,Adult,F,14,Vehicle,68.74728393554688,2.8091354370117188
599,20241025a,fa/fa,Adult,F,15,Vehicle,74.84268951416016,2.2408676147460938
600,20241025a,fa/fa,Adult,F,16,Vehicle,62.45633316040039,1.620708465576172
601,20241025a,fa/fa,Adult,F,18,Vehicle,72.65335845947266,0.6880111694335938
602,20241025a,fa/fa,Adult,F,1,Vehicle,65.30371856689453,4.8238067626953125
603,20241025a,fa/fa,Adult,F,2,Vehicle,63.70075225830078,4.129920959472656
604,20241025a,fa/fa,Adult,F,3,Vehicle,63.8658447265625,3.63702392578125
605,20241025a,fa/fa,Adult,F,4,Vehicle,69.60027313232422,7.064537048339844
606,20241025a,fa/fa,Adult,F,5,Vehicle,58.66445159912109,5.5233001708984375
607,20241025a,fa/fa,Adult,F,6,Vehicle,60.025184631347656,3.116493225097656
608,20241025a,fa/fa,Adult,F,7,Vehicle,55.85611343383789,3.9847145080566406
609,20241025a,fa/fa,Adult,F,9,Vehicle,56.028079986572266,2.7371177673339844
625,20241028a,fa/fa,Adult,M,0,Vehicle,60.30454254150391,0.2883720397949219
626,20241028a,fa/fa,Adult,M,10,Vehicle,63.90581893920898,5.230731964111328
627,20241028a,fa/fa,Adult,M,11,Vehicle,67.76697540283203,2.7502517700195312
628,20241028a,fa/fa,Adult,M,12,Vehicle,83.81880187988281,4.360160827636719
629,20241028a,fa/fa,Adult,M,13,Vehicle,56.79727935791016,3.9206619262695312
630,20241028a,fa/fa,Adult,M,14,Vehicle,68.85722351074219,3.745559692382813
631,20241028a,fa/fa,Adult,M,1,Vehicle,49.5792236328125,2.4928207397460938
632,20241028a,fa/fa,Adult,M,2,Vehicle,77.32183837890625,1.932830810546875
633,20241028a,fa/fa,Adult,M,3,Vehicle,64.74169921875,2.759857177734375
634,20241028a,fa/fa,Adult,M,4,Vehicle,64.61084747314453,4.455596923828125
635,20241028a,fa/fa,Adult,M,5,Vehicle,55.94873428344727,2.3710594177246094
636,20241028a,fa/fa,Adult,M,6,Vehicle,59.102088928222656,3.5861968994140625
637,20241028a,fa/fa,Adult,M,7,Vehicle,57.23554992675781,3.5439453125
638,20241028a,fa/fa,Adult,M,8,Vehicle,53.74787139892578,2.041797637939453
639,20241028a,fa/fa,Adult,M,9,Vehicle,68.47428894042969,3.6259841918945312
659,20241029a,fa/fa,Adult,M,0,Vehicle,50.81103515625,2.862091064453125
660,20241029a,fa/fa,Adult,M,10,Vehicle,44.36341857910156,2.1962966918945312
661,20241029a,fa/fa,Adult,M,11,Vehicle,53.75415802001953,0.21337890625
662,20241029a,fa/fa,Adult,M,12,Vehicle,47.0992546081543,-0.6757316589355469
663,20241029a,fa/fa,Adult,M,13,Vehicle,43.04461288452149,3.275249481201172
664,20241029a,fa/fa,Adult,M,14,Vehicle,51.20782852172852,3.009071350097656
665,20241029a,fa/fa,Adult,M,15,Vehicle,49.53541564941406,0.1472663879394531
666,20241029a,fa/fa,Adult,M,16,Vehicle,57.30052947998047,2.0201873779296875
667,20241029a,fa/fa,Adult,M,17,Vehicle,55.84193420410156,-0.8366508483886719
668,20241029a,fa/fa,Adult,M,18,Vehicle,41.81167221069336,1.122711181640625
669,20241029a,fa/fa,Adult,M,19,Vehicle,45.31248092651367,0.6076278686523438
670,20241029a,fa/fa,Adult,M,1,Vehicle,49.718021392822266,1.4641876220703125
671,20241029a,fa/fa,Adult,M,2,Vehicle,58.63557434082031,1.406463623046875
672,20241029a,fa/fa,Adult,M,3,Vehicle,46.2138557434082,1.2779884338378906
673,20241029a,fa/fa,Adult,M,4,Vehicle,53.24502182006836,1.9932212829589844
674,20241029a,fa/fa,Adult,M,5,Vehicle,63.65497589111328,-0.944000244140625
675,20241029a,fa/fa,Adult,M,6,Vehicle,46.88613510131836,0.6715927124023438
676,20241029a,fa/fa,Adult,M,7,Vehicle,49.36973190307617,1.82330322265625
677,20241029a,fa/fa,Adult,M,8,Vehicle,43.85688018798828,1.6384506225585938
678,20241029a,fa/fa,Adult,M,9,Vehicle,69.08341979980469,-1.323455810546875
701,20241029b,fa/+,Adult,F,0,Vehicle,79.7025146484375,4.661628723144531
702,20241029b,fa/+,Adult,F,10,Vehicle,74.7518310546875,4.984634399414063
703,20241029b,fa/+,Adult,F,11,Vehicle,83.77650451660156,4.459869384765625
704,20241029b,fa/+,Adult,F,12,Vehicle,73.05442810058594,7.388236999511719
705,20241029b,fa/+,Adult,F,13,Vehicle,69.6522216796875,4.0804290771484375
706,20241029b,fa/+,Adult,F,14,Vehicle,74.29564666748047,2.8749008178710938
707,20241029b,fa/+,Adult,F,15,Vehicle,70.58547973632812,4.745018005371094
708,20241029b,fa/+,Adult,F,16,Vehicle,77.85501861572266,4.0723724365234375
709,20241029b,fa/+,Adult,F,17,Vehicle,72.03196716308594,4.8032989501953125
710,20241029b,fa/+,Adult,F,19,Vehicle,75.48145294189453,2.483467102050781
711,20241029b,fa/+,Adult,F,1,Vehicle,73.85475158691406,6.474510192871094
712,20241029b,fa/+,Adult,F,20,Vehicle,75.49085235595703,6.869430541992188
713,20241029b,fa/+,Adult,F,21,Vehicle,63.63262939453125,2.556480407714844
714,20241029b,fa/+,Adult,F,22,Vehicle,73.18208312988281,7.321113586425781
715,20241029b,fa/+,Adult,F,23,Vehicle,66.90087890625,4.080169677734375
716,20241029b,fa/+,Adult,F,24,Vehicle,71.32483673095703,1.3255233764648438
717,20241029b,fa/+,Adult,F,2,Vehicle,75.01560974121094,7.180953979492188
718,20241029b,fa/+,Adult,F,3,Vehicle,78.06393432617188,5.482810974121094
719,20241029b,fa/+,Adult,F,4,Vehicle,89.40475463867188,6.5194244384765625
720,20241029b,fa/+,Adult,F,5,Vehicle,97.0366668701172,5.473625183105469
721,20241029b,fa/+,Adult,F,6,Vehicle,82.79474639892578,11.954307556152344
722,20241029b,fa/+,Adult,F,7,Vehicle,74.70793151855469,7.170860290527344
723,20241029b,fa/+,Adult,F,8,Vehicle,69.41193389892578,7.142791748046875
724,20241029b,fa/+,Adult,F,9,Vehicle,76.22329711914062,5.665077209472656
746,20241029c,fa/+,Adult,F,0,Vehicle,97.07891082763672,10.631210327148438
747,20241029c,fa/+,Adult,F,10,Vehicle,83.42283630371094,11.495246887207031
748,20241029c,fa/+,Adult,F,11,Vehicle,84.30509185791016,8.221290588378906
749,20241029c,fa/+,Adult,F,12,Vehicle,88.9198226928711,9.66681671142578
750,20241029c,fa/+,Adult,F,13,Vehicle,78.41316986083984,7.915687561035156
751,20241029c,fa/+,Adult,F,14,Vehicle,73.02848815917969,8.611610412597656
752,20241029c,fa/+,Adult,F,15,Vehicle,77.8722915649414,9.420623779296877
753,20241029c,fa/+,Adult,F,16,Vehicle,82.02427673339844,7.279609680175781
754,20241029c,fa/+,Adult,F,17,Vehicle,86.53720092773438,12.392311096191406
755,20241029c,fa/+,Adult,F,18,Vehicle,84.66621398925781,8.915733337402344
756,20241029c,fa/+,Adult,F,19,Vehicle,83.71509552001953,8.162940979003906
757,20241029c,fa/+,Adult,F,1,Vehicle,93.34415435791016,10.083206176757812
758,20241029c,fa/+,Adult,F,20,Vehicle,71.76539611816406,20.555809020996094
759,20241029c,fa/+,Adult,F,21,Vehicle,77.22562408447266,9.807083129882812
760,20241029c,fa/+,Adult,F,2,Vehicle,86.86154174804688,10.044586181640623
761,20241029c,fa/+,Adult,F,3,Vehicle,94.33809661865234,7.830963134765625
762,20241029c,fa/+,Adult,F,4,Vehicle,96.04975128173828,12.140953063964844
763,20241029c,fa/+,Adult,F,5,Vehicle,90.83493041992188,10.395477294921877
764,20241029c,fa/+,Adult,F,6,Vehicle,85.51908874511719,11.541229248046877
765,20241029c,fa/+,Adult,F,7,Vehicle,84.58129119873047,10.663917541503906
766,20241029c,fa/+,Adult,F,8,Vehicle,87.1988754272461,8.370925903320312
767,20241029c,fa/+,Adult,F,9,Vehicle,90.58088684082033,7.829490661621094
788,20241030a,fa/fa,Adult,F,0,Vehicle,38.2195930480957,-0.0044822692871093
789,20241030a,fa/fa,Adult,F,10,Vehicle,34.23318862915039,-0.0636329650878906
790,20241030a,fa/fa,Adult,F,11,Vehicle,51.44552993774414,-1.754779815673828
791,20241030a,fa/fa,Adult,F,12,Vehicle,45.8336296081543,-1.3739585876464844
792,20241030a,fa/fa,Adult,F,13,Vehicle,45.13899993896485,-0.3918724060058594
793,20241030a,fa/fa,Adult,F,14,Vehicle,38.78798294067383,-1.0727157592773438
794,20241030a,fa/fa,Adult,F,15,Vehicle,48.11940383911133,-0.8829116821289062
795,20241030a,fa/fa,Adult,F,16,Vehicle,37.58779525756836,-0.4013595581054687
796,20241030a,fa/fa,Adult,F,1,Vehicle,49.6298713684082,1.6594161987304688
797,20241030a,fa/fa,Adult,F,2,Vehicle,56.066593170166016,0.898345947265625
798,20241030a,fa/fa,Adult,F,4,Vehicle,40.137001037597656,-0.8123970031738281
799,20241030a,fa/fa,Adult,F,5,Vehicle,40.87325668334961,-0.3497505187988281
800,20241030a,fa/fa,Adult,F,7,Vehicle,46.58029556274414,0.1076774597167968
801,20241030a,fa/fa,Adult,F,8,Vehicle,36.62554168701172,-0.5489997863769531
802,20241030a,fa/fa,Adult,F,9,Vehicle,35.53822708129883,-1.7036590576171875
814,20241030b,fa/fa,Adult,F,0,Vehicle,53.2614631652832,11.343433380126951
815,20241030b,fa/fa,Adult,F,10,Vehicle,45.18106460571289,8.298263549804688
816,20241030b,fa/fa,Adult,F,11,Vehicle,55.13285446166992,8.571846008300781
817,20241030b,fa/fa,Adult,F,13,Vehicle,29.043811798095703,6.519145965576172
818,20241030b,fa/fa,Adult,F,14,Vehicle,30.657878875732425,4.8075103759765625
819,20241030b,fa/fa,Adult,F,1,Vehicle,41.33049774169922,5.935794830322266
820,20241030b,fa/fa,Adult,F,2,Vehicle,33.26250457763672,6.90618896484375
821,20241030b,fa/fa,Adult,F,3,Vehicle,42.48552322387695,5.100368499755859
822,20241030b,fa/fa,Adult,F,4,Vehicle,38.02144241333008,8.708744049072266
823,20241030b,fa/fa,Adult,F,5,Vehicle,47.923805236816406,8.18967056274414
824,20241030b,fa/fa,Adult,F,6,Vehicle,55.082740783691406,8.666145324707031
825,20241030b,fa/fa,Adult,F,8,Vehicle,53.768798828125,8.12042236328125
