,rat,gtyp,age,sex,vessel_idx,power_empa,power_vehicle,power_ratio,power_change
0,20240813a,fa/fa,Young,M,0,3.1737661636792702,3.830591216937096,0.8285316766890577,-0.6568250532578257
1,20240813a,fa/fa,Young,M,1,2.802006914065435,3.431949715067661,0.8164475434367467,-0.6299428010022261
2,20240813a,fa/fa,Young,M,2,1.7742028683424005,2.6257871352854973,0.6756841956076894,-0.8515842669430969
3,20240813a,fa/fa,Young,M,3,2.101025347526257,2.320360045157009,0.9054738517461799,-0.2193346976307522
4,20240813a,fa/fa,Young,M,4,2.705516824355493,3.107429114697875,0.8706608339217229,-0.40191229034238196
5,20240813a,fa/fa,Young,M,5,2.769083797931672,4.072941921896615,0.6798731361831485,-1.3038581239649432
6,20240813a,fa/fa,Young,M,6,1.231640406526052,1.6062383099663136,0.7667856001715476,-0.37459790344026156
7,20240813a,fa/fa,Young,M,7,4.719781348338493,4.569020863423689,1.0329962347341604,0.15076048491480432
8,20240813a,fa/fa,Young,M,8,1.9457335426257207,3.207580540426473,0.6066047346599192,-1.2618469978007523
10,20240813a,fa/fa,Young,M,10,2.645545886113093,2.499974851575802,1.0582289995619492,0.14557103453729114
11,20240813a,fa/fa,Young,M,11,1.7870351397074191,3.265209072429124,0.5472957780243977,-1.478173932721705
12,20240813a,fa/fa,Young,M,12,2.031012571774997,1.6879533579346817,1.2032397472522998,0.34305921384031546
13,20240813a,fa/fa,Young,M,13,3.969791747056521,4.657812380493025,0.8522867438117638,-0.6880206334365044
14,20240813a,fa/fa,Young,M,14,3.490486910709967,2.990615342450873,1.1671467276862957,0.4998715682590942
16,20240814a,fa/fa,Young,M,0,3.632953886169096,7.130074055312317,0.5095254071677328,-3.497120169143221
17,20240814a,fa/fa,Young,M,1,3.512815886439539,9.426712645671657,0.3726448464568901,-5.913896759232118
18,20240814a,fa/fa,Young,M,2,4.24076120892941,6.304042171066833,0.6727050825251294,-2.063280962137423
19,20240814a,fa/fa,Young,M,3,7.131019697663534,10.568017865624151,0.6747736224840658,-3.436998167960617
20,20240814a,fa/fa,Young,M,4,5.06375612079768,10.52027987544927,0.4813328334177451,-5.456523754651591
21,20240814a,fa/fa,Young,M,5,10.5941299733536,16.238178522386818,0.6524210802799074,-5.644048549033219
22,20240814a,fa/fa,Young,M,6,3.994867856989908,8.229704566071737,0.48542056703461567,-4.234836709081829
23,20240814a,fa/fa,Young,M,7,2.864362777267372,2.688075000849291,1.0655814202960794,0.17628777641808124
24,20240814a,fa/fa,Young,M,8,2.184686539581468,2.567882080687664,0.8507737002457767,-0.383195541106196
25,20240814a,fa/fa,Young,M,9,3.369340807034824,5.314327130781192,0.6340108021426111,-1.9449863237463676
26,20240814a,fa/fa,Young,M,10,3.803769390886001,3.859530823525989,0.9855522768985051,-0.05576143263998823
28,20240814a,fa/fa,Young,M,12,3.4044153782544218,3.812296815305829,0.8930090030204832,-0.4078814370514072
29,20240814a,fa/fa,Young,M,13,2.602696260694641,3.2888825234973167,0.7913618811556083,-0.6861862628026758
30,20240814a,fa/fa,Young,M,14,4.8231496547467145,4.541956478682721,1.0619101432133375,0.28119317606399363
31,20240814a,fa/fa,Young,M,15,2.355632847843908,4.17606386268504,0.5640796992815458,-1.820431014841132
32,20240814a,fa/fa,Young,M,16,1.834891869876925,2.1107774625288034,0.8692966939672762,-0.2758855926518784
33,20240814a,fa/fa,Young,M,17,4.924217677248118,3.6129499351613217,1.3629354864083514,1.311267742086796
34,20240814a,fa/fa,Young,M,18,1.8867098797750737,2.157994954786034,0.8742883645722617,-0.27128507501096055
35,20240814a,fa/fa,Young,M,19,3.0543804906349816,2.573063287849274,1.1870599938441555,0.48131720278570755
37,20240815a,fa/+,Young,F,0,2.4666103002976394,18.619240516340238,0.13247641858071188,-16.1526302160426
38,20240815a,fa/+,Young,F,1,2.300750931914971,15.458144658048388,0.14883745642249951,-13.157393726133417
39,20240815a,fa/+,Young,F,2,2.0514434649019826,19.06852504031759,0.1075827029392419,-17.017081575415606
40,20240815a,fa/+,Young,F,3,2.605103161870217,6.410881015616403,0.40635649851001604,-3.805777853746186
41,20240815a,fa/+,Young,F,4,1.5926334541671123,8.200953319710747,0.1942010144527058,-6.608319865543635
42,20240815a,fa/+,Young,F,5,1.4752416732359903,6.560029430120762,0.22488339251380965,-5.084787756884772
43,20240815a,fa/+,Young,F,6,2.848224128995623,15.21942099987621,0.187144052918885,-12.371196870880587
44,20240815a,fa/+,Young,F,7,2.072259477206639,7.915622168527522,0.26179363202123684,-5.843362691320882
45,20240815a,fa/+,Young,F,8,4.183455194745745,6.642885944205271,0.6297647182088172,-2.4594307494595258
46,20240815a,fa/+,Young,F,9,3.4152021894649587,5.382472282732037,0.6345043708671863,-1.9672700932670781
47,20240815a,fa/+,Young,F,10,3.2161938025026893,12.878111449765486,0.2497411064540257,-9.661917647262797
48,20240815a,fa/+,Young,F,11,3.3414063794272293,11.566675277495047,0.2888821808569753,-8.225268898067817
49,20240815a,fa/+,Young,F,12,4.788286549704415,16.22087520545637,0.29519286037622267,-11.432588655751955
50,20240815a,fa/+,Young,F,13,3.851653575897216,8.62698710266973,0.446465669886683,-4.775333526772514
51,20240815a,fa/+,Young,F,14,2.460991200135678,10.028914395184584,0.24538959085315667,-7.567923195048905
52,20240815a,fa/+,Young,F,15,3.1609733639931186,13.149073211240095,0.24039514521001026,-9.988099847246977
53,20240815a,fa/+,Young,F,16,2.8889305737553803,9.68183112345951,0.2983867965591108,-6.79290054970413
54,20240815a,fa/+,Young,F,17,2.521300702678914,4.341929594227966,0.580686685023787,-1.820628891549052
55,20240815a,fa/+,Young,F,18,2.5661049716326647,8.593259456795705,0.29861835134086895,-6.02715448516304
56,20240815a,fa/+,Young,F,19,0.5214120332075625,3.8074816421723696,0.13694407017812155,-3.286069608964807
57,20240815a,fa/+,Young,F,20,2.9357117292832355,12.436968112999285,0.2360472184707775,-9.501256383716049
58,20240815a,fa/+,Young,F,21,2.3161893474812407,9.530839345152948,0.2430205004619214,-7.214649997671708
59,20240815a,fa/+,Young,F,22,3.3540859173755244,13.614833498672702,0.24635526521147036,-10.260747581297178
60,20240815a,fa/+,Young,F,23,2.5881659935931767,7.809260059410418,0.3314226922785534,-5.221094065817241
61,20240815a,fa/+,Young,F,24,0.6867683821794935,4.477467883472712,0.1533832067706174,-3.790699501293218
62,20240815a,fa/+,Young,F,26,1.712787640338041,4.239850095292211,0.4039736315771786,-2.5270624549541703
63,20240815a,fa/+,Young,F,27,2.945605307209249,5.54038443229568,0.5316608158161195,-2.5947791250864305
64,20240815a,fa/+,Young,F,28,1.4811207688584618,3.442024359904545,0.4303051384852885,-1.960903591046083
65,20240815b,fa/fa,Young,F,0,7.405434272831598,12.48178605874,0.593299247237631,-5.076351785908401
66,20240815b,fa/fa,Young,F,1,7.02881649737706,11.117442128766408,0.6322332435794724,-4.088625631389347
67,20240815b,fa/fa,Young,F,2,12.971765649165206,12.623157387417084,1.0276165662083576,0.3486082617481223
68,20240815b,fa/fa,Young,F,3,17.44208669048523,14.259102860043322,1.223224691040081,3.1829838304419074
69,20240815b,fa/fa,Young,F,4,18.62072119487713,21.03414161336166,0.8852617585805624,-2.4134204184845274
70,20240815b,fa/fa,Young,F,5,13.403266063575575,8.213940759262776,1.6317704809912161,5.189325304312799
71,20240815b,fa/fa,Young,F,6,18.49048756120542,21.299675898221903,0.8681112167884679,-2.809188337016483
72,20240815b,fa/fa,Young,F,7,11.436129459495708,16.77389582813782,0.6817813569768251,-5.337766368642113
73,20240815b,fa/fa,Young,F,8,6.986791635275907,10.775334369595694,0.6484060165214216,-3.788542734319787
75,20240815b,fa/fa,Young,F,10,13.324268623483029,14.70075527182058,0.9063662633051177,-1.3764866483375506
76,20240815b,fa/fa,Young,F,11,15.572346396712271,26.097346194319616,0.5967022961170576,-10.524999797607345
77,20240815b,fa/fa,Young,F,12,12.31629236573314,13.75001438932942,0.895729416493636,-1.43372202359628
78,20240815b,fa/fa,Young,F,13,5.9470528041855975,9.695902057365473,0.613357351280991,-3.748849253179875
79,20240815b,fa/fa,Young,F,14,11.623531243320183,18.964550755757987,0.6129083358218261,-7.3410195124378035
80,20240815b,fa/fa,Young,F,15,12.164246239887287,12.75693831523449,0.9535396299095212,-0.5926920753472036
81,20240815b,fa/fa,Young,F,16,58.65383207542192,56.36107749301664,1.0406797507143004,2.29275458240528
82,20240815b,fa/fa,Young,F,17,16.938284706148465,23.91961102724645,0.7081337855726137,-6.981326321097985
83,20240815b,fa/fa,Young,F,18,29.018548879500635,49.58420586415292,0.5852377460476724,-20.565656984652286
84,20240815b,fa/fa,Young,F,19,28.295529189539565,46.186661704343365,0.6126342139786792,-17.8911325148038
85,20240815b,fa/fa,Young,F,20,26.18310112195977,35.74940226243048,0.7324066827678385,-9.56630114047071
86,20240815b,fa/fa,Young,F,21,16.997341446610484,22.66341944127777,0.7499901544271189,-5.666077994667287
87,20240815b,fa/fa,Young,F,22,11.90546701292112,8.422990721563735,1.4134489050833074,3.4824762913573846
88,20240815b,fa/fa,Young,F,23,17.70134132614463,28.919855067724267,0.6120826430385553,-11.218513741579638
89,20240815b,fa/fa,Young,F,24,9.068515147262378,16.942388675662386,0.535255997301563,-7.873873528400008
90,20240815b,fa/fa,Young,F,25,11.203021180476243,18.31642689397625,0.6116379163536857,-7.113405713500006
91,20240815b,fa/fa,Young,F,26,39.63507206961834,51.63516608627426,0.7675984232024035,-12.000094016655922
92,20240816a,fa/fa,Young,F,0,4.055529659609252,7.434703993363812,0.5454863654597684,-3.3791743337545608
93,20240816a,fa/fa,Young,F,1,2.6572611651843108,3.7035156273119374,0.7174969495438548,-1.0462544621276266
94,20240816a,fa/fa,Young,F,3,3.413825969454609,3.474066781708689,0.9826598577289147,-0.060240812254079845
96,20240816a,fa/fa,Young,F,5,5.289531017255179,7.300808334350587,0.7245130641723232,-2.0112773170954084
97,20240816a,fa/fa,Young,F,6,6.366546307334419,11.152053953228576,0.570885536784125,-4.785507645894157
98,20240816a,fa/fa,Young,F,7,8.732663760607759,13.515424591989232,0.6461257433069266,-4.782760831381474
99,20240816a,fa/fa,Young,F,8,5.904023650929899,5.015407927542023,1.1771771581147086,0.8886157233878755
101,20240816a,fa/fa,Young,F,10,6.381078179274933,4.789892483335554,1.3321965370778677,1.5911856959393793
102,20240816a,fa/fa,Young,F,11,5.526647374599795,5.386618162212953,1.0259957561813358,0.14002921238684252
103,20240816a,fa/fa,Young,F,12,9.546043709863593,12.620590510512846,0.7563864544936957,-3.0745468006492533
104,20240816a,fa/fa,Young,F,13,10.127370143842093,13.334948850689512,0.759460741637448,-3.2075787068474195
105,20240816a,fa/fa,Young,F,14,18.45438528905941,23.00921989672112,0.8020430667312286,-4.554834607661711
106,20240816a,fa/fa,Young,F,15,20.406729367413107,28.587146153305525,0.7138428319489135,-8.180416785892419
107,20240816a,fa/fa,Young,F,16,11.225462341308596,13.999949118874296,0.8018216527783502,-2.7744867775657003
108,20240816a,fa/fa,Young,F,17,2.4821444137186943,4.535021755334104,0.5473280058247108,-2.05287734161541
109,20240816a,fa/fa,Young,F,18,8.18532047996038,7.405516787442294,1.10530037469369,0.7798036925180858
112,20240816a,fa/fa,Young,F,21,3.185158652293532,5.115984702832772,0.6225895574961118,-1.9308260505392396
114,20240816a,fa/fa,Young,F,24,2.9805530982681465,2.4519598897298183,1.2155798758178602,0.5285932085383283
116,20240816a,fa/fa,Young,F,26,14.67762519739851,16.938301133820502,0.8665346708290522,-2.2606759364219915
117,20240816a,fa/fa,Young,F,27,11.717431640624998,13.20653181133848,0.8872451759488427,-1.489100170713483
118,20240816a,fa/fa,Young,F,28,6.689663034752954,6.151583210338243,1.0874701367138175,0.5380798244147105
121,20240816b,fa/+,Young,F,0,3.10335969999549,3.931145167696304,0.7894289240440577,-0.8277854677008136
122,20240816b,fa/+,Young,F,1,8.019799287703488,11.49018323041391,0.6979696604380948,-3.4703839427104217
123,20240816b,fa/+,Young,F,2,8.293811535424842,14.167294283880704,0.5854195846599582,-5.873482748455862
124,20240816b,fa/+,Young,F,3,6.027388201073301,7.700412938214733,0.7827357116345366,-1.6730247371414313
125,20240816b,fa/+,Young,F,4,2.770699777140491,3.813992292984673,0.7264565747122305,-1.0432925158441817
126,20240816b,fa/+,Young,F,5,3.445326958836897,4.194551473424056,0.8213814946999425,-0.749224514587159
127,20240816b,fa/+,Young,F,6,1.801311310841258,5.528233857085742,0.32583847887195483,-3.7269225462444844
128,20240816b,fa/+,Young,F,7,6.449861123528278,15.60090586344401,0.413428629079903,-9.151044739915733
129,20240816b,fa/+,Young,F,8,3.762174203362264,9.619384489197666,0.3911034232582234,-5.857210285835402
130,20240816b,fa/+,Young,F,9,5.559800579327747,6.714724803316421,0.8280012572639978,-1.1549242239886741
131,20240816b,fa/+,Young,F,10,6.595760524552751,14.547606846906143,0.4533914474019126,-7.951846322353393
132,20240816b,fa/+,Young,F,11,5.498691624505605,7.802545110730159,0.7047305137580986,-2.303853486224554
133,20240816b,fa/+,Young,F,12,5.657686797665879,16.48750046439793,0.3431500614591479,-10.82981366673205
134,20240816b,fa/+,Young,F,13,7.642795479167049,10.962812954446546,0.6971564242612669,-3.3200174752794975
135,20240816b,fa/+,Young,F,14,2.7511342336687497,3.539271257925725,0.7773165810639555,-0.7881370242569754
136,20240816b,fa/+,Young,F,15,2.6184280049259856,3.583094312142636,0.7307728395684359,-0.9646663072166506
137,20240816b,fa/+,Young,F,16,2.178664253724386,8.007648921358413,0.272072898689819,-5.828984667634027
138,20240816b,fa/+,Young,F,17,6.0526301827229245,16.862545477825662,0.3589392948224908,-10.809915295102737
139,20240816b,fa/+,Young,F,18,3.613180127688604,3.0432387918665804,1.1872811746962677,0.5699413358220236
140,20240816b,fa/+,Young,F,19,8.252815163004938,11.127592949245289,0.7416532219184627,-2.874777786240351
141,20240816b,fa/+,Young,F,20,6.402134517735348,10.338430880118112,0.6192559191982726,-3.9362963623827643
142,20240816b,fa/+,Young,F,21,6.882174370994035,14.605527341538584,0.4712034156699643,-7.72335297054455
143,20240816b,fa/+,Young,F,22,3.9263857481811706,7.636563339786257,0.5141561162368449,-3.710177591605086
144,20240816b,fa/+,Young,F,23,4.395998851794032,6.715137448518177,0.6546401894966563,-2.3191385967241445
145,20240816b,fa/+,Young,F,24,3.059968085729274,3.861069632267608,0.7925182338481042,-0.8011015465383342
146,20240816b,fa/+,Young,F,25,2.026958450651691,3.973708807903788,0.5100923466309432,-1.946750357252097
147,20240816b,fa/+,Young,F,26,2.634277504934392,5.197140862285227,0.5068705226080937,-2.5628633573508353
148,20240816b,fa/+,Young,F,27,3.3762343142513944,5.824932695471724,0.5796177382231495,-2.44869838122033
149,20240816b,fa/+,Young,F,28,4.294854410377467,7.465725884921311,0.5752761990701906,-3.170871474543844
150,20240816b,fa/+,Young,F,29,2.7699580095556797,4.211444572780444,0.6577215873761154,-1.441486563224764
151,20240820a,fa/+,Young,M,0,10.561732432563897,23.638224887309093,0.4468073420451418,-13.076492454745196
152,20240820a,fa/+,Young,M,1,11.495388592560277,21.555462831831235,0.5332935173901664,-10.060074239270959
153,20240820a,fa/+,Young,M,2,13.402459778761498,21.819999942671775,0.6142282224552755,-8.417540163910276
154,20240820a,fa/+,Young,M,3,6.255637502912337,6.528917156370346,0.9581431886922678,-0.2732796534580091
156,20240820a,fa/+,Young,M,5,3.1845701285425174,4.152585611505022,0.7668884946572682,-0.9680154829625045
157,20240820a,fa/+,Young,M,6,3.2963272327093898,5.175271648471638,0.6369380114921817,-1.878944415762248
158,20240820a,fa/+,Young,M,7,14.48408399862686,14.965760225630072,0.9678147838972923,-0.4816762270032129
159,20240820a,fa/+,Young,M,8,17.321291347445566,22.01517202086368,0.786788825952859,-4.693880673418114
160,20240820a,fa/+,Young,M,9,9.053831168237672,14.3040124602237,0.6329574441727017,-5.250181291986028
161,20240820a,fa/+,Young,M,10,6.637540768850878,4.333387983720854,1.5317208599336096,2.3041527851300234
162,20240820a,fa/+,Young,M,11,8.886794453344972,10.324356876524153,0.8607600996002032,-1.4375624231791804
163,20240820a,fa/+,Young,M,12,5.816033406911162,8.8521640152581,0.6570182609457202,-3.036130608346939
164,20240820a,fa/+,Young,M,13,5.903334912914913,10.34525312542242,0.570632235030389,-4.441918212507508
165,20240820a,fa/+,Young,M,14,6.392506265398207,9.739954490446104,0.6563178782476448,-3.3474482250478967
166,20240820a,fa/+,Young,M,15,13.709463284100371,26.697498256877317,0.5135111594423942,-12.988034972776946
167,20240820a,fa/+,Young,M,16,12.198835034055758,21.2014967331105,0.575376124979175,-9.002661699054741
168,20240820a,fa/+,Young,M,17,15.891740711812435,24.869847917287352,0.6389962964255154,-8.978107205474917
169,20240820a,fa/+,Young,M,18,11.51162220136768,23.01615220948128,0.500154069915543,-11.5045300081136
170,20240820a,fa/+,Young,M,19,13.75284107808534,12.312936922924663,1.1169423805363456,1.4399041551606757
173,20240820a,fa/+,Young,M,22,8.658767816378983,13.663868521566446,0.6336981216346137,-5.005100705187463
174,20240820a,fa/+,Young,M,23,5.347849027759531,13.687377487872276,0.39071392839848257,-8.339528460112746
175,20240820a,fa/+,Young,M,24,9.23825483757832,12.098361731922555,0.7635955216318585,-2.860106894344236
176,20240820a,fa/+,Young,M,25,5.477494002598795,11.541549876584842,0.4745891202802298,-6.064055873986047
177,20240820a,fa/+,Young,M,26,4.921838150411692,12.460825569885602,0.39498491675434616,-7.5389874194739095
179,20240820a,fa/+,Young,M,28,5.604442848166838,5.179442734368103,1.082055181531143,0.4250001137987347
180,20240820b,fa/fa,Young,M,0,6.511256953648159,12.861765839965676,0.5062490667817613,-6.350508886317517
181,20240820b,fa/fa,Young,M,1,7.010020176894001,6.680391853686321,1.0493426628897207,0.32962832320767976
182,20240820b,fa/fa,Young,M,2,4.8973720316984215,9.21743094028106,0.5313163790895828,-4.320058908582639
183,20240820b,fa/fa,Young,M,3,7.592041877175672,20.755820148481625,0.36577893925001376,-13.163778271305954
184,20240820b,fa/fa,Young,M,4,8.159764618127523,7.6951888784075155,1.0603722334904078,0.4645757397200079
185,20240820b,fa/fa,Young,M,5,6.81532648826132,5.06326736649775,1.3460333012150345,1.75205912176357
186,20240820b,fa/fa,Young,M,6,12.379887213674532,17.883634007076303,0.6922467328942197,-5.5037467934017705
187,20240820b,fa/fa,Young,M,7,8.649005863942254,20.86866244974942,0.4144494590761904,-12.219656585807165
188,20240820b,fa/fa,Young,M,8,3.9299373133652873,4.155308046465679,0.9457631707251928,-0.2253707331003918
189,20240820b,fa/fa,Young,M,9,6.999253217217062,13.42287802044192,0.5214420638076115,-6.4236248032248575
190,20240820b,fa/fa,Young,M,10,8.359125690070949,11.126714763119724,0.7512662873122133,-2.767589073048775
191,20240820b,fa/fa,Young,M,11,8.516715422130769,14.156635688119495,0.601605890676282,-5.639920265988726
192,20240820b,fa/fa,Young,M,12,6.788509576499055,10.983879461299791,0.6180429783864114,-4.195369884800736
194,20240820b,fa/fa,Young,M,14,7.613991069144942,42.973014695465785,0.1771807522256128,-35.35902362632084
195,20240820b,fa/fa,Young,M,15,5.018218412853422,9.307335063194976,0.5391681269429653,-4.289116650341555
196,20240820b,fa/fa,Young,M,16,7.2938702537899935,23.165539654199907,0.31485863755682536,-15.871669400409914
197,20240820b,fa/fa,Young,M,17,6.060281994878029,15.340838283761077,0.39504242745933205,-9.280556288883048
198,20240820b,fa/fa,Young,M,18,6.788371567499069,7.220296784898756,0.9401790216846684,-0.43192521739968726
199,20240820b,fa/fa,Young,M,19,7.439473885257228,24.956416870552623,0.2980986382718847,-17.516942985295394
200,20240820b,fa/fa,Young,M,20,7.9821914153845155,23.650140333685947,0.3375113763707831,-15.66794891830143
201,20240820b,fa/fa,Young,M,21,7.861955292370853,19.107933153295345,0.4114498009438024,-11.245977860924492
202,20240820b,fa/fa,Young,M,22,8.316824714504941,11.812764987650722,0.7040540231858926,-3.4959402731457807
203,20240821a,fa/fa,Young,M,0,5.204372060032137,5.545364652361188,0.9385085357400512,-0.34099259232905155
204,20240821a,fa/fa,Young,M,1,4.311945799523165,9.881491680534518,0.43636587864737436,-5.569545881011353
205,20240821a,fa/fa,Young,M,2,4.2618622055323305,9.421888419560023,0.4523363062424537,-5.160026214027693
206,20240821a,fa/fa,Young,M,3,10.116661970410386,6.46658186036713,1.5644527802878578,3.6500801100432554
207,20240821a,fa/fa,Young,M,4,4.704251420792759,8.57467043643095,0.5486218340014497,-3.8704190156381904
208,20240821a,fa/fa,Young,M,5,4.163812954097248,12.07547715245461,0.3448156045122292,-7.911664198357362
209,20240821a,fa/fa,Young,M,6,5.40471873378866,14.900038950297292,0.3627318527030309,-9.495320216508631
210,20240821a,fa/fa,Young,M,7,1.9949342774839365,3.0371151043444256,0.656851719129872,-1.042180826860489
211,20240821a,fa/fa,Young,M,8,4.489484173670254,9.628307826664976,0.46627966767295476,-5.138823652994722
212,20240821a,fa/fa,Young,M,9,4.170928335021326,5.52948546409607,0.7543067726832638,-1.358557129074744
213,20240821a,fa/fa,Young,M,10,2.438075808108344,3.549203410440562,0.6869360603385947,-1.111127602332218
215,20240821a,fa/fa,Young,M,12,6.978489465792128,10.2498400941187,0.680838862041989,-3.271350628326571
216,20240821a,fa/fa,Young,M,13,6.969685697162389,17.67687195174548,0.39428275071451074,-10.707186254583089
217,20240821a,fa/fa,Young,M,14,6.233681246304821,15.00456812430401,0.41545222725922154,-8.770886877999189
218,20240821a,fa/fa,Young,M,15,6.069617092820021,11.208071844918388,0.5415398095946286,-5.138454752098367
219,20240821a,fa/fa,Young,M,16,4.900257654268694,9.435803379331317,0.5193259606280561,-4.535545725062622
220,20240821a,fa/fa,Young,M,17,11.744430308347596,18.84082043900781,0.6233502594203417,-7.096390130660215
221,20240821a,fa/fa,Young,M,18,6.438301445878997,10.79655821469365,0.5963290631931893,-4.358256768814654
222,20240821a,fa/fa,Young,M,19,2.7866918071841176,6.884554658617293,0.4047744473487559,-4.097862851433176
223,20240821a,fa/fa,Young,M,20,7.473493596269049,11.866161852466815,0.6298155788862269,-4.392668256197767
225,20240821a,fa/fa,Young,M,22,6.071503665056891,3.6722418386109017,1.6533507137845687,2.3992618264459895
229,20240821b,fa/+,Young,M,2,6.191655709402902,19.41326565723343,0.31893942104974365,-13.22160994783053
231,20240821b,fa/+,Young,M,4,4.882629372732979,19.4264200356112,0.25133963765750317,-14.543790662878223
232,20240821b,fa/+,Young,M,5,2.2058731024605884,8.895566197284257,0.24797444631843932,-6.689693094823669
233,20240821b,fa/+,Young,M,6,2.4826318359375,18.92245120312794,0.131200329665911,-16.43981936719044
234,20240821b,fa/+,Young,M,7,2.6725086593627925,14.23580545530102,0.1877314682161257,-11.563296795938227
235,20240821b,fa/+,Young,M,8,2.806894563947405,11.294671575707124,0.24851493424426324,-8.487777011759718
236,20240821b,fa/+,Young,M,9,2.015536112104144,16.44090394067317,0.12259277953190319,-14.425367828569026
237,20240821b,fa/+,Young,M,10,3.2825752694266184,12.866891740954705,0.2551179675335526,-9.584316471528087
238,20240821b,fa/+,Young,M,11,3.878885405404228,18.63843914527332,0.20811213724341865,-14.759553739869093
239,20240821b,fa/+,Young,M,12,3.030911075047084,13.256560676707483,0.2286347981926084,-10.2256496016604
240,20240821b,fa/+,Young,M,13,1.4328591455732071,3.847098272647883,0.37245192194869464,-2.4142391270746755
241,20240821b,fa/+,Young,M,14,1.1927943502153666,5.01983741137238,0.23761613225024097,-3.827043061157013
242,20240821b,fa/+,Young,M,15,1.8916950988769528,4.843819757382393,0.3905378799435814,-2.9521246585054404
243,20240821b,fa/+,Young,M,16,2.5197897175380164,13.100653169624296,0.1923407699534022,-10.58086345208628
244,20240821b,fa/+,Young,M,17,3.826709360395159,9.814001857037526,0.38992343960594045,-5.987292496642367
245,20240821b,fa/+,Young,M,18,4.545161792210171,28.896999333597417,0.15728836547141722,-24.351837541387248
246,20240821b,fa/+,Young,M,19,1.5386654663085937,34.91509484797915,0.04406877521049181,-33.376429381670555
247,20240821b,fa/+,Young,M,20,2.6684041649954664,22.779206844059168,0.11714210170980505,-20.110802679063703
248,20240821b,fa/+,Young,M,21,1.819660906110491,25.405586247782463,0.07162444071800629,-23.58592534167197
249,20240821b,fa/+,Young,M,22,1.7951477377755305,6.359388793169094,0.28228306149543486,-4.5642410553935635
250,20240821b,fa/+,Young,M,23,2.400812890189035,9.625959838090967,0.24941023342823,-7.225146947901932
251,20240821b,fa/+,Young,M,24,3.771359400068011,6.002428751872723,0.6283055669576034,-2.231069351804712
253,20240821b,fa/+,Young,M,26,1.8160125923156736,9.888894746262068,0.18364161404408855,-8.072882153946395
254,20240821b,fa/+,Young,M,27,1.68839624949864,6.636680735801278,0.25440371726647354,-4.948284486302638
256,20240822b,fa/+,Young,M,0,3.5844185173332512,9.681854740757442,0.3702202329316119,-6.097436223424191
257,20240822b,fa/+,Young,M,1,3.5094070243644526,15.554149327995615,0.22562513387009459,-12.044742303631162
258,20240822b,fa/+,Young,M,2,9.42631804167449,19.74992352827252,0.47728377419692153,-10.323605486598032
259,20240822b,fa/+,Young,M,3,6.680366218269052,13.025818940326472,0.5128557558548115,-6.34545272205742
260,20240822b,fa/+,Young,M,4,9.972530277164369,17.96966875789962,0.5549646135118856,-7.99713848073525
261,20240822b,fa/+,Young,M,5,4.020298798401674,22.40130188811159,0.17946719429441974,-18.381003089709914
262,20240822b,fa/+,Young,M,6,9.719435629782613,41.487734778108354,0.23427250684487175,-31.76829914832574
263,20240822b,fa/+,Young,M,7,3.295665065089504,7.898646449915739,0.4172442817876298,-4.602981384826235
264,20240822b,fa/+,Young,M,8,2.460037355547076,7.392165756733537,0.3327897988902946,-4.932128401186461
265,20240822b,fa/+,Young,M,9,8.630021115323087,20.29269932367196,0.4252771392150843,-11.662678208348874
266,20240822b,fa/+,Young,M,10,4.604456801314254,11.60027950708463,0.396926367032982,-6.995822705770377
267,20240822b,fa/+,Young,M,11,10.810841805703404,12.89483448541593,0.8383854649650972,-2.0839926797125248
268,20240822b,fa/+,Young,M,12,2.282808784965996,8.412104290430143,0.27137190721267995,-6.129295505464148
269,20240822b,fa/+,Young,M,13,4.244283628416014,17.327453100252725,0.24494561340662985,-13.083169471836712
270,20240822b,fa/+,Young,M,15,6.094339632295871,17.097319947101784,0.35644999632406954,-11.002980314805914
271,20240822b,fa/+,Young,M,16,2.7729751006499663,7.170422631478342,0.3867240807364037,-4.397447530828376
272,20240822b,fa/+,Young,M,17,4.176529793648629,4.501163922041935,0.9278777369551924,-0.3246341283933063
273,20240822b,fa/+,Young,M,18,3.859749176361421,6.511653953481135,0.5927448239625811,-2.651904777119714
274,20240822b,fa/+,Young,M,19,1.3927837883507286,4.481578555151564,0.3107797333485825,-3.0887947668008353
275,20240822b,fa/+,Young,M,20,4.659832646061589,8.239863054095188,0.5655230694332554,-3.5800304080335996
276,20240822b,fa/+,Young,M,21,1.5499464584900458,5.890907617764531,0.26310826090975364,-4.340961159274485
277,20240822b,fa/+,Young,M,23,6.96647844896899,39.59104419611742,0.1759609676991589,-32.62456574714843
278,20240822b,fa/+,Young,M,24,2.570318972384249,7.505915472891615,0.342439104419337,-4.935596500507366
279,20240822b,fa/+,Young,M,25,2.650529397500528,8.90694742418637,0.29757999809262914,-6.256418026685842
280,20240822b,fa/+,Young,M,26,4.464946819377972,18.216630399782712,0.24510278363177582,-13.751683580404741
281,20240822b,fa/+,Young,M,27,3.83280677528114,12.66644077326423,0.3025954049673734,-8.833633997983089
282,20240822b,fa/+,Young,M,28,3.0604745370370368,8.656937895062446,0.3535285310043177,-5.59646335802541
283,20240822b,fa/+,Young,M,29,3.351132561852624,8.747077119017092,0.38311455544011375,-5.3959445571644675
284,20240822b,fa/+,Young,M,30,3.4919601035667016,5.533339565190749,0.6310764164075523,-2.0413794616240475
285,20240822b,fa/+,Young,M,31,4.586919141125989,9.805344643827764,0.46779784981992933,-5.218425502701775
286,20240822b,fa/+,Young,M,32,2.5876953117362973,3.639042527951827,0.7110923524141218,-1.0513472162155297
287,20240822b,fa/+,Young,M,33,3.627657213487903,11.441121473452066,0.3170718204422097,-7.813464259964163
288,20240823a,fa/fa,Young,F,0,5.840780124510074,5.760002012343143,1.0140239729072718,0.08077811216693132
289,20240823a,fa/fa,Young,F,1,7.246746690446797,2.7012377185331142,2.6827504446302806,4.545508971913684
290,20240823a,fa/fa,Young,F,2,13.641344630814633,16.26332831479538,0.8387793916946614,-2.6219836839807478
291,20240823a,fa/fa,Young,F,3,13.764973355110769,11.294813411645537,1.21869860558461,2.470159943465232
292,20240823a,fa/fa,Young,F,4,5.6716678187532255,9.1109929323519,0.6225082009024397,-3.4393251135986747
293,20240823a,fa/fa,Young,F,5,6.654819776427073,7.285477624049204,0.9134363071076709,-0.630657847622131
294,20240823a,fa/fa,Young,F,6,6.058626308595397,10.647466884091676,0.5690204416270651,-4.588840575496279
295,20240823a,fa/fa,Young,F,7,8.350469203650794,8.14334294341091,1.0254350408277324,0.20712626023988356
296,20240823a,fa/fa,Young,F,8,9.943100921548606,19.394631722621888,0.512672839770965,-9.451530801073282
297,20240823a,fa/fa,Young,F,9,26.683429728299792,51.25718191350747,0.5205793360494538,-24.57375218520768
298,20240823a,fa/fa,Young,F,10,8.066812864853686,12.085905681604938,0.6674562153113262,-4.019092816751252
299,20240823a,fa/fa,Young,F,11,9.094206817709212,11.652488316186222,0.780451914727659,-2.55828149847701
300,20240823a,fa/fa,Young,F,12,4.953443650608114,4.803060931669035,1.031309767058654,0.1503827189390794
301,20240823a,fa/fa,Young,F,13,12.243863714994449,15.864287070556962,0.7717878314064441,-3.6204233555625134
302,20240823a,fa/fa,Young,F,14,9.586839614210104,17.115457867737224,0.5601275576904884,-7.528618253527119
303,20240823a,fa/fa,Young,F,15,5.433779431160567,8.066481764487547,0.6736244610485111,-2.6327023333269794
304,20240823a,fa/fa,Young,F,16,3.5451304494852645,8.528665483239859,0.4156723530137267,-4.9835350337545945
305,20240823a,fa/fa,Young,F,17,5.696502341093081,7.129195077816109,0.7990386402553167,-1.4326927367230287
306,20240823a,fa/fa,Young,F,18,7.410822043200386,26.0835359235255,0.28411876614153186,-18.672713880325112
307,20240823a,fa/fa,Young,F,19,5.334608237377074,14.754399197672628,0.3615605194021428,-9.419790960295554
308,20240823a,fa/fa,Young,F,20,4.374480095835067,4.264853920117121,1.0257045558350415,0.10962617571794642
309,20240823a,fa/fa,Young,F,21,9.11180722424284,16.208809631925792,0.5621515355634572,-7.097002407682952
310,20240823a,fa/fa,Young,F,22,18.58914636987239,29.08459507757659,0.6391406282360144,-10.495448707704199
311,20240823a,fa/fa,Young,F,23,4.742290224347794,9.065593703996504,0.523108621364444,-4.323303479648709
312,20240823b,fa/fa,Young,F,0,8.79330777624206,23.650746053971208,0.3717983253541201,-14.857438277729148
313,20240823b,fa/fa,Young,F,1,8.073761963894073,17.211897795571456,0.4690802873563086,-9.138135831677383
314,20240823b,fa/fa,Young,F,2,6.2621824268508295,21.61212648603177,0.2897531823579771,-15.34994405918094
315,20240823b,fa/fa,Young,F,3,2.122404880961694,8.007996711859112,0.265035683371174,-5.885591830897418
317,20240823b,fa/fa,Young,F,5,2.775387507142004,14.054952521073194,0.1974668717650057,-11.27956501393119
319,20240823b,fa/fa,Young,F,7,10.927372376953633,19.4046595617211,0.5631313624542881,-8.477287184767468
320,20240823b,fa/fa,Young,F,8,13.57026912872378,21.57151682513025,0.6290827501251453,-8.00124769640647
321,20240823b,fa/fa,Young,F,9,10.028039774964402,15.806291789517296,0.6344334211022841,-5.778252014552894
322,20240823b,fa/fa,Young,F,10,3.6982238506723295,6.411101906190129,0.576846836126809,-2.712878055517799
323,20240823b,fa/fa,Young,F,12,4.974737983655829,25.24726808725252,0.19704064481208564,-20.272530103596694
324,20240823b,fa/fa,Young,F,13,3.2951909126966625,7.931659544702343,0.4154478509982899,-4.6364686320056805
325,20240823b,fa/fa,Young,F,14,4.70663629742903,10.661684653526727,0.4414533397282713,-5.955048356097697
326,20240823b,fa/fa,Young,F,15,4.7674828710536135,11.462495506944482,0.41592015178241626,-6.695012635890868
327,20240823b,fa/fa,Young,F,16,5.792550041182803,31.0302660900428,0.18667419816427405,-25.237716048859998
328,20240823b,fa/fa,Young,F,17,7.544060223286734,16.42678968850336,0.4592534735235946,-8.882729465216624
329,20240823b,fa/fa,Young,F,20,19.318302162504896,38.38299921939248,0.5033036124166292,-19.064697056887585
330,20240823b,fa/fa,Young,F,21,6.535849238736148,28.86921981841427,0.2263950768273706,-22.33337057967812
331,20240823b,fa/fa,Young,F,22,7.600430259624952,21.514313931694755,0.35327318750462433,-13.913883672069803
332,20240823b,fa/fa,Young,F,23,8.183201306050407,26.82242473162302,0.30508805180474985,-18.639223425572613
333,20240823b,fa/fa,Young,F,24,3.467078230824002,20.60725475879425,0.16824551699902718,-17.14017652797025
334,20240823b,fa/fa,Young,F,25,6.14726867357226,31.66376448371776,0.19414206661160985,-25.5164958101455
335,20240823b,fa/fa,Young,F,26,6.684850135277605,15.385040120875589,0.4345032630891286,-8.700189985597984
336,20240823b,fa/fa,Young,F,27,7.166955764706795,33.9201028872978,0.21128932858840574,-26.753147122591006
337,20240823b,fa/fa,Young,F,28,3.2860660194604026,33.432214008600425,0.09829040992065506,-30.146147989140022
338,20240823b,fa/fa,Young,F,29,5.008886655835369,10.37523034278382,0.48277353758407393,-5.366343686948451
339,20240823b,fa/fa,Young,F,30,4.303387942543108,8.277031154141318,0.5199192636105952,-3.973643211598209
340,20240823b,fa/fa,Young,F,31,6.94485100923351,14.081327833493903,0.49319574768470764,-7.136476824260393
341,20240823b,fa/fa,Young,F,33,4.927236318090515,11.246531333795186,0.43811164276797515,-6.319295015704671
342,20240826a,fa/+,Young,M,0,0.954396450805664,16.544320426151664,0.057687256183520615,-15.589923975346
343,20240826a,fa/+,Young,M,1,1.8272578384399416,8.27683192812163,0.22076778341137887,-6.449574089681689
344,20240826a,fa/+,Young,M,2,0.8362123023986817,6.063353997592268,0.13791249904438008,-5.227141695193586
345,20240826a,fa/+,Young,M,3,0.8334478355407714,6.571316575675173,0.1268311800143548,-5.7378687401344015
346,20240826a,fa/+,Young,M,4,1.10486982345581,6.927143002214102,0.1594986306912769,-5.822273178758292
347,20240826a,fa/+,Young,M,5,1.920748687744141,29.40696305373619,0.06531611864286366,-27.48621436599205
348,20240826a,fa/+,Young,M,6,1.2353242645263671,13.036313481824148,0.09476024539059415,-11.800989217297781
349,20240826a,fa/+,Young,M,7,2.058193382263184,8.989442780593343,0.2289567254053242,-6.931249398330159
350,20240826a,fa/+,Young,M,8,1.038926277160645,6.868579659297547,0.15125780418871876,-5.829653382136902
351,20240826a,fa/+,Young,M,9,1.8634573120117184,15.984939275281176,0.11657581426620339,-14.121481963269458
352,20240826a,fa/+,Young,M,10,0.8495160575866701,8.391741659230197,0.10123238918494055,-7.542225601643527
353,20240826a,fa/+,Young,M,12,1.1453753273010252,8.33617684199892,0.13739815613441056,-7.190801514697895
354,20240826a,fa/+,Young,M,13,1.1835827743530278,5.073718493231412,0.23327718633424085,-3.890135718878384
355,20240826a,fa/+,Young,M,14,0.9958763839721678,3.101219887569033,0.3211240802253496,-2.105343503596865
356,20240826a,fa/+,Young,M,15,0.6416406707763671,4.528776397705077,0.14168080170650812,-3.8871357269287095
357,20240826a,fa/+,Young,M,16,0.8455924049377442,5.62732564465753,0.15026541173079838,-4.781733239719785
358,20240826a,fa/+,Young,M,17,1.4429434051513674,3.952371136895541,0.365082973023822,-2.5094277317441733
359,20240826a,fa/+,Young,M,18,4.948428579711915,15.7189562041184,0.3148064359652211,-10.770527624406487
360,20240826a,fa/+,Young,M,19,0.8532033981323243,5.992351317570126,0.14238207223108787,-5.139147919437802
361,20240826a,fa/+,Young,M,20,1.3919544265747077,6.02569193346747,0.23100325106957648,-4.633737506892762
362,20240826a,fa/+,Young,M,21,3.480082952880859,8.10618244039601,0.42931219207926524,-4.626099487515151
363,20240826a,fa/+,Young,M,22,2.0538639129638665,5.642146811649717,0.3640217069011953,-3.58828289868585
364,20240826a,fa/+,Young,M,23,1.3721681137084965,6.094100852177059,0.22516334189289017,-4.7219327384685625
365,20240826a,fa/+,Young,M,24,1.5491252998352047,11.292046782394932,0.13718729028384796,-9.742921482559726
366,20240826a,fa/+,Young,M,25,3.262768048095704,11.630905335524986,0.2805257160962382,-8.368137287429281
367,20240826a,fa/+,Young,M,26,4.651371047973634,10.679003067016604,0.4355622916094067,-6.0276320190429695
368,20240826a,fa/+,Young,M,27,1.847976853942871,8.379587770659347,0.22053314608308747,-6.531610916716476
369,20240826a,fa/+,Young,M,28,1.9497192764282227,7.805292863516971,0.249794506179452,-5.855573587088749
370,20240826a,fa/+,Young,M,29,1.6739117538452146,9.510885083428745,0.17599957723826865,-7.836973329583531
372,20241011a,fa/+,Adult,F,0,16.197404156191677,77.5371870128766,0.20889852701906472,-61.33978285668492
373,20241011a,fa/+,Adult,F,1,20.319326097810738,37.3430535748076,0.5441259927259559,-17.02372747699686
374,20241011a,fa/+,Adult,F,2,11.05688902625892,24.219389638926597,0.45653045725346203,-13.162500612667676
375,20241011a,fa/+,Adult,F,3,8.688131877700437,17.757000961923982,0.48927923675457596,-9.068869084223545
376,20241011a,fa/+,Adult,F,4,14.286288206883272,32.63428436320649,0.4377693118035811,-18.34799615632322
377,20241011a,fa/+,Adult,F,5,4.767881204394252,10.00014453464084,0.47678122929905153,-5.232263330246589
378,20241011a,fa/+,Adult,F,6,6.014619640655711,10.610581855463789,0.5668510664717747,-4.595962214808077
379,20241011a,fa/+,Adult,F,7,18.218662477660505,36.7403240875823,0.4958764771434923,-18.521661609921797
380,20241011a,fa/+,Adult,F,8,11.140328151601093,21.704669156371736,0.5132687382304871,-10.564341004770643
381,20241011a,fa/+,Adult,F,9,10.069001077848286,17.28479777183636,0.5825350814491215,-7.215796693988073
382,20241011a,fa/+,Adult,F,10,8.962921913272996,43.166802672512816,0.20763460248076904,-34.20388075923982
383,20241011a,fa/+,Adult,F,11,4.591523268625725,19.759306227934715,0.23237269647324255,-15.16778295930899
385,20241011a,fa/+,Adult,F,13,10.35320457933516,27.790348807647614,0.3725467661811451,-17.437144228312455
386,20241011a,fa/+,Adult,F,14,18.57946766680047,18.84927013572962,0.9856863174549275,-0.26980246892915005
387,20241011a,fa/+,Adult,F,15,5.943983031955122,9.982346258189295,0.5954494943589851,-4.038363226234173
388,20241011a,fa/+,Adult,F,16,13.397640053774529,12.87481287307533,1.0406085265745937,0.5228271806991991
389,20241011a,fa/+,Adult,F,17,20.533407073160294,75.16507383930647,0.2731775015222915,-54.63166676614618
390,20241011a,fa/+,Adult,F,18,17.179994527387795,9.39813974685462,1.8280207562499393,7.781854780533175
391,20241011a,fa/+,Adult,F,21,4.669156948220471,16.427506134115905,0.2842279838522645,-11.758349185895433
392,20241011a,fa/+,Adult,F,22,13.241262956980371,9.321005885840108,1.4205830485629962,3.920257071140263
393,20241011a,fa/+,Adult,F,23,18.407051706859395,31.756456824822163,0.5796317834951814,-13.349405117962768
394,20241011a,fa/+,Adult,F,24,9.60769779345889,27.43506117823324,0.3501977900119122,-17.82736338477435
395,20241011a,fa/+,Adult,F,25,7.373708809800493,18.113850508278947,0.40707572398427017,-10.740141698478453
396,20241011a,fa/+,Adult,F,26,4.964171917344594,14.73738875040194,0.33684202821949744,-9.773216833057347
397,20241011a,fa/+,Adult,F,27,7.2915900059546095,9.305617505618873,0.7835686349188367,-2.0140274996642633
398,20241011a,fa/+,Adult,F,28,12.191069499964632,30.50525746952874,0.3996383086470296,-18.31418796956411
400,20241011b,fa/+,Adult,F,1,13.258733387429814,28.139091359397572,0.47118555528630507,-14.880357971967758
401,20241011b,fa/+,Adult,F,2,7.890231115821232,24.57012789511267,0.321131055951512,-16.67989677929144
402,20241011b,fa/+,Adult,F,3,4.975470859943454,9.059094908609554,0.5492238363917439,-4.0836240486661
403,20241011b,fa/+,Adult,F,4,4.662284291448374,7.561141967773437,0.6166111298160558,-2.898857676325062
404,20241011b,fa/+,Adult,F,5,8.048292065051811,18.98752527843321,0.42387261883955896,-10.9392332133814
405,20241011b,fa/+,Adult,F,6,10.800266455833876,17.661370955450685,0.6115191444127772,-6.861104499616809
406,20241011b,fa/+,Adult,F,7,10.962937068810858,16.1661795908316,0.6781402499715096,-5.2032425220207426
407,20241011b,fa/+,Adult,F,8,6.566676708442207,16.59366268091808,0.39573401211738335,-10.026985972475872
408,20241011b,fa/+,Adult,F,9,9.668785043873024,10.8711368803344,0.8893996230848312,-1.2023518364613768
409,20241011b,fa/+,Adult,F,10,14.161514703229493,16.69031573168804,0.8484869268436069,-2.528801028458549
410,20241011b,fa/+,Adult,F,11,6.440091596477607,13.188624122928331,0.4883065539248747,-6.748532526450725
411,20241011b,fa/+,Adult,F,12,5.260457574117873,11.99260230973966,0.4386418759042523,-6.7321447356217865
412,20241011b,fa/+,Adult,F,13,8.0929532673606,11.106953880001354,0.7286384147081391,-3.0140006126407535
413,20241011b,fa/+,Adult,F,14,7.9096277783728866,10.013774893876445,0.7898747337739466,-2.104147115503558
414,20241011b,fa/+,Adult,F,15,9.18453440403072,12.549985279237603,0.7318362691010797,-3.365450875206884
415,20241011b,fa/+,Adult,F,16,10.9715389082281,9.193737934090498,1.1933708559981346,1.7778009741376017
416,20241011b,fa/+,Adult,F,17,10.943015805805354,10.087426554949984,1.0848173958139526,0.8555892508553704
417,20241011b,fa/+,Adult,F,18,5.31738861412572,5.764350141403991,0.9224610725729775,-0.44696152727827076
418,20241011b,fa/+,Adult,F,19,8.493710893962135,10.908293972125632,0.7786470474362379,-2.4145830781634974
419,20241011b,fa/+,Adult,F,20,7.215281161774218,16.49353186105717,0.43746125587632306,-9.278250699282953
420,20241011b,fa/+,Adult,F,21,5.80045872068341,9.076953954090271,0.6390314140648029,-3.2764952334068616
421,20241011b,fa/+,Adult,F,22,6.9101812534666,14.85829647703667,0.4650722419051341,-7.9481152235700705
422,20241011b,fa/+,Adult,F,23,5.801173501508875,15.001817295317014,0.38669805046351124,-9.20064379380814
423,20241011b,fa/+,Adult,F,24,8.626480313040526,11.384340495732475,0.7577496752029018,-2.7578601826919495
424,20241011b,fa/+,Adult,F,25,9.66922128505373,16.647769994129334,0.5808118017286088,-6.9785487090756035
425,20241011b,fa/+,Adult,F,26,14.62817482415632,37.43444753657875,0.39076774967394734,-22.806272712422434
426,20241011b,fa/+,Adult,F,27,8.695064601153737,8.8373369867402,0.9839009889744013,-0.1422723855864625
428,20241011b,fa/+,Adult,F,29,11.715282681492104,12.620552548094292,0.9282701876045131,-0.9052698666021879
429,20241014a,fa/+,Adult,F,0,10.62530532310748,23.5436534169515,0.4513023163795483,-12.91834809384402
430,20241014a,fa/+,Adult,F,1,24.68929567534348,113.84758689371743,0.21686270520948508,-89.15829121837396
431,20241014a,fa/+,Adult,F,2,29.984617288523687,74.80484771728513,0.4008378895689557,-44.82023042876144
433,20241014a,fa/+,Adult,F,4,11.012956332502691,17.729251403808593,0.6211743565290574,-6.716295071305902
434,20241014a,fa/+,Adult,F,5,17.328514193830813,37.17973256429036,0.4660742022247399,-19.85121837045955
435,20241014a,fa/+,Adult,F,6,9.218507311590784,28.793149017333985,0.32016322028691896,-19.5746417057432
436,20241014a,fa/+,Adult,F,7,14.185647035796064,19.542967213948565,0.7258696635212705,-5.3573201781525
437,20241014a,fa/+,Adult,F,8,20.830909255455275,54.33510864257814,0.3833784412300178,-33.50419938712287
438,20241014a,fa/+,Adult,F,9,7.634631773850011,34.86248911539714,0.21899273309426864,-27.22785734154713
439,20241014a,fa/+,Adult,F,10,6.930725002946524,17.55021160888672,0.3949083439790027,-10.619486605940196
440,20241014a,fa/+,Adult,F,11,7.013974304199216,14.927261169433592,0.4698768397354542,-7.913286865234376
441,20241014a,fa/+,Adult,F,12,13.475741271972652,30.10227915445964,0.4476651486363027,-16.62653788248699
442,20241014a,fa/+,Adult,F,13,7.245502277242726,11.595070536295571,0.6248778094589791,-4.3495682590528455
443,20241014a,fa/+,Adult,F,14,16.37820261988146,56.126516906738274,0.29180864095122877,-39.74831428685681
444,20241014a,fa/+,Adult,F,15,14.900649056270204,36.78113614908855,0.40511660640041014,-21.88048709281835
445,20241014a,fa/+,Adult,F,16,27.34598037193561,51.90586079915366,0.5268380092519629,-24.559880427218047
446,20241014a,fa/+,Adult,F,17,6.200782623291016,17.7232197672526,0.34986772746271955,-11.522437143961586
447,20241014a,fa/+,Adult,F,18,10.856608213227368,113.6375428873698,0.09553716084822193,-102.78093467414243
448,20241014a,fa/+,Adult,F,19,19.3170049627896,44.88417515055339,0.43037451168469193,-25.56717018776379
450,20241014a,fa/+,Adult,F,21,19.12376108103784,37.47435100301107,0.510316004658793,-18.35058992197323
451,20241014a,fa/+,Adult,F,22,12.11837321314318,33.58873458862304,0.36078683408477785,-21.47036137547986
452,20241014a,fa/+,Adult,F,23,9.157114952350485,25.2566530456543,0.3625624874284787,-16.099538093303813
453,20241014a,fa/+,Adult,F,24,10.755406262627965,24.864314422607425,0.43256395812179754,-14.10890815997946
454,20241014a,fa/+,Adult,F,25,12.743234652815191,80.13948201497394,0.15901318965892663,-67.39624736215875
455,20241014a,fa/+,Adult,F,26,33.541050572888594,117.69235904947918,0.2849891942329711,-84.15130847659059
456,20241014a,fa/+,Adult,F,27,19.82567325986664,35.92958929443358,0.5517923708339785,-16.103916034566943
457,20241014a,fa/+,Adult,F,28,8.688095250622979,36.51504140218098,0.2379319567224715,-27.826946151557998
458,20241014a,fa/+,Adult,F,29,14.63379970682078,73.18416140747071,0.19995856241821947,-58.55036170064993
459,20241014a,fa/+,Adult,F,30,15.272574725973191,98.91639501953128,0.1543988205692048,-83.6438202935581
460,20241014a,fa/+,Adult,F,31,14.354855672902069,19.441036732991535,0.7383791240176923,-5.086181060089466
461,20241014b,fa/+,Adult,M,0,5.650392652182054,9.208378621976667,0.613614283702112,-3.557985969794613
462,20241014b,fa/+,Adult,M,1,4.472759601333378,6.7372967540698205,0.6638804500679747,-2.264537152736443
463,20241014b,fa/+,Adult,M,2,2.33526943366565,6.531207111971464,0.35755556264403043,-4.195937678305814
464,20241014b,fa/+,Adult,M,3,1.5319102796584525,5.118340474433946,0.29929823686218754,-3.5864301947754935
465,20241014b,fa/+,Adult,M,4,4.280166625976561,7.022889057696237,0.6094595245365603,-2.7427224317196766
466,20241014b,fa/+,Adult,M,5,3.858864384795982,3.313027967403123,1.164754545619096,0.5458364173928589
467,20241014b,fa/+,Adult,M,6,2.233056173274655,5.839958333434678,0.3823753605381151,-3.6069021601600233
468,20241014b,fa/+,Adult,M,7,2.8518557273904688,4.283523787597048,0.6657732905903366,-1.431668060206579
469,20241014b,fa/+,Adult,M,8,1.6277948424454134,9.761507036677036,0.16675650965873187,-8.133712194231624
470,20241014b,fa/+,Adult,M,9,2.241735373492016,3.731960401143112,0.6006857341801818,-1.4902250276510962
471,20241014b,fa/+,Adult,M,10,5.144753720747862,7.884779097579632,0.6524918018726906,-2.7400253768317704
472,20241014b,fa/+,Adult,M,11,1.7754373999790374,6.937428333097198,0.255921548264326,-5.161990933118161
473,20241014b,fa/+,Adult,M,12,2.8010242971450245,3.4508953355763063,0.8116804552918288,-0.6498710384312818
475,20241014b,fa/+,Adult,M,14,3.173850503891551,2.4626273253786457,1.2888066623737109,0.7112231785129053
478,20241014b,fa/+,Adult,M,17,1.8119072589574683,2.5151674120987333,0.7203923087750079,-0.703260153141265
479,20241014b,fa/+,Adult,M,18,1.8119072589574683,3.695432641586359,0.49030991353143993,-1.8835253826288907
480,20241014b,fa/+,Adult,M,19,1.3277615027902017,2.0210261600252104,0.6569739318830188,-0.6932646572350087
482,20241015a,fa/+,Adult,M,0,1.5388827356439987,4.589209469881924,0.3353263227018471,-3.050326734237925
483,20241015a,fa/+,Adult,M,1,1.6861818399468356,6.797911463155374,0.24804410135170601,-5.111729623208538
484,20241015a,fa/+,Adult,M,2,4.013567082716042,14.999527532404116,0.2675795670260522,-10.985960449688074
485,20241015a,fa/+,Adult,M,3,2.2282146099970093,11.05005675476867,0.20164734529851347,-8.821842144771662
486,20241015a,fa/+,Adult,M,4,1.5361589220991565,34.90799245958204,0.044005937146852164,-33.371833537482885
487,20241015a,fa/+,Adult,M,5,1.860657560548873,30.14929524706556,0.061714794501870535,-28.288637686516687
488,20241015a,fa/+,Adult,M,6,4.3776137077466855,15.130368765298424,0.2893263062951092,-10.752755057551738
489,20241015a,fa/+,Adult,M,7,2.933283588570755,4.464158538719277,0.6570742421285705,-1.5308749501485215
491,20241015a,fa/+,Adult,M,9,2.116823196411133,12.364488742877912,0.1712018378139935,-10.247665546466779
492,20241015a,fa/+,Adult,M,10,3.2870133102021475,7.957340988555511,0.41307935841000526,-4.670327678353363
493,20241015a,fa/+,Adult,M,11,1.3425571524918,17.089827787721312,0.07855884618430149,-15.747270635229512
494,20241015a,fa/+,Adult,M,12,1.876135718123162,4.568936251355457,0.410628560984315,-2.6928005332322953
495,20241015a,fa/+,Adult,M,13,2.954798501965781,6.624843389337713,0.4460178646217285,-3.6700448873719322
498,20241015a,fa/+,Adult,M,16,1.5286746005569605,44.6962501922211,0.03420140602360888,-43.16757559166414
499,20241015a,fa/+,Adult,M,17,1.589859546125342,11.589443944955798,0.1371816934165607,-9.999584398830457
500,20241015a,fa/+,Adult,M,18,3.522923499467753,11.754118178726788,0.2997182303172451,-8.231194679259035
501,20241015a,fa/+,Adult,M,19,3.6034922372107614,16.459241976056777,0.21893427670926482,-12.855749738846015
502,20241015a,fa/+,Adult,M,20,1.5240701959045333,10.002695797016097,0.15236594482451207,-8.478625601111563
503,20241015a,fa/+,Adult,M,21,1.828367496089753,5.180434229466824,0.35293711204551487,-3.3520667333770713
504,20241015a,fa/+,Adult,M,22,2.632725355244594,51.23560105360947,0.05138468762159905,-48.602875698364876
506,20241015a,fa/+,Adult,M,24,2.579315359888428,14.607196778136414,0.1765783948189885,-12.027881418247986
507,20241015a,fa/+,Adult,M,25,1.7601783174772383,7.820881296133068,0.22506137746235008,-6.06070297865583
508,20241015b,fa/+,Adult,M,0,2.823175999426072,13.712910333422627,0.20587723034585256,-10.889734333996556
509,20241015b,fa/+,Adult,M,1,2.52725786291143,19.164747499752927,0.13187013619375948,-16.637489636841497
510,20241015b,fa/+,Adult,M,2,2.49519653730495,53.2396363665991,0.04686727234805756,-50.74443982929415
511,20241015b,fa/+,Adult,M,3,1.256391620123258,16.591088072755205,0.07572689715187647,-15.334696452631947
512,20241015b,fa/+,Adult,M,4,3.042302511071646,12.728961583936265,0.2390063392846578,-9.686659072864618
513,20241015b,fa/+,Adult,M,5,2.6560620031049176,110.00444471661486,0.02414504259302671,-107.34838271350993
514,20241015b,fa/+,Adult,M,6,2.7628474389353115,17.016944519530604,0.1623586088421661,-14.254097080595292
515,20241015b,fa/+,Adult,M,7,2.640624000180152,32.59953253246974,0.08100189772813589,-29.958908532289584
516,20241015b,fa/+,Adult,M,8,6.554187574694234,55.36351712121472,0.11838459540683224,-48.80932954652049
517,20241015b,fa/+,Adult,M,9,3.679926954289919,28.19305215726363,0.13052602228956706,-24.51312520297371
518,20241015b,fa/+,Adult,M,10,3.3026221131765707,13.401927902282631,0.2464288822665629,-10.099305789106062
519,20241015b,fa/+,Adult,M,11,4.547637621561687,49.72539702109428,0.09145502889866337,-45.17775939953259
520,20241015b,fa/+,Adult,M,12,5.191602481308803,118.21184733831454,0.04391778487693182,-113.02024485700574
521,20241015b,fa/+,Adult,M,13,1.3760493622031265,25.96201171062283,0.053002416667121785,-24.585962348419702
522,20241015b,fa/+,Adult,M,14,3.72621403971026,17.922705547469914,0.20790466204117697,-14.196491507759653
523,20241015b,fa/+,Adult,M,15,3.0748597011771257,55.79588228472066,0.05510907929525036,-52.72102258354354
524,20241015b,fa/+,Adult,M,16,2.782370041775447,25.301951036313564,0.109966620272965,-22.519580994538117
525,20241015b,fa/+,Adult,M,17,1.405998453017204,24.979139741981395,0.0562869044947213,-23.57314128896419
526,20241015b,fa/+,Adult,M,18,3.3686342854653635,77.40959935499413,0.04351700969303666,-74.04096506952877
527,20241015b,fa/+,Adult,M,19,2.6511138998052126,42.16254763342888,0.06287840864965327,-39.51143373362367
528,20241021a,fa/fa,Adult,M,0,3.635809803483498,8.18515598360779,0.4441955426096759,-4.549346180124292
529,20241021a,fa/fa,Adult,M,1,5.738921625697198,7.750266020043974,0.7404805990987954,-2.011344394346776
530,20241021a,fa/fa,Adult,M,2,5.595547547980922,9.637052685366667,0.580628510672921,-4.041505137385745
531,20241021a,fa/fa,Adult,M,3,5.801711998175627,9.750200132044348,0.5950351705200504,-3.9484881338687217
532,20241021a,fa/fa,Adult,M,4,4.58329229212519,12.394137792624006,0.3697951700079369,-7.810845500498816
533,20241021a,fa/fa,Adult,M,5,3.3090708860710483,15.927142788418148,0.2077629949093775,-12.6180719023471
534,20241021a,fa/fa,Adult,M,6,3.502597799348594,12.228135232594871,0.28643760742947927,-8.725537433246277
535,20241021a,fa/fa,Adult,M,7,4.974169527120257,13.134613497419442,0.37870695838119117,-8.160443970299186
536,20241021a,fa/fa,Adult,M,8,5.424988144072728,9.305118937853514,0.5830111555053538,-3.8801307937807863
537,20241021a,fa/fa,Adult,M,9,6.159038116682821,13.759680751658523,0.44761489949106864,-7.600642634975702
538,20241021a,fa/fa,Adult,M,10,5.2115473581190725,13.165977350707532,0.3958344465660961,-7.95442999258846
539,20241021a,fa/fa,Adult,M,11,7.437006423722455,10.91801597585421,0.6811683038539055,-3.4810095521317557
540,20241021a,fa/fa,Adult,M,12,4.20955247072438,6.049908046697927,0.6958043722700838,-1.8403555759735468
541,20241021a,fa/fa,Adult,M,13,5.495387974070078,9.845079963106246,0.5581862203926898,-4.349691989036168
542,20241021a,fa/fa,Adult,M,14,3.9183252438976983,7.271506019367025,0.5388602077013454,-3.3531807754693266
543,20241021a,fa/fa,Adult,M,15,5.929519558427347,8.498474953569403,0.6977157185051088,-2.568955395142056
544,20241021a,fa/fa,Adult,M,16,4.06291812687964,9.469657839186231,0.42904592709431877,-5.4067397123065914
545,20241021a,fa/fa,Adult,M,17,2.858829763991324,6.661637224190043,0.4291482210424504,-3.802807460198719
546,20241021a,fa/fa,Adult,M,18,2.9782250057998576,10.1047241935681,0.2947359026083631,-7.126499187768242
548,20241021a,fa/fa,Adult,M,20,3.481910221612276,12.39839331023347,0.2808355997819777,-8.916483088621193
549,20241021a,fa/fa,Adult,M,21,4.50094417553043,15.0670707222739,0.298727221667355,-10.56612654674347
550,20241021a,fa/fa,Adult,M,22,9.37523181402861,23.143663124799417,0.40508850148197373,-13.768431310770808
552,20241021b,fa/+,Adult,F,1,3.246748980033756,8.916583670861524,0.3641247701901567,-5.669834690827768
553,20241021b,fa/+,Adult,F,2,5.1870940802951,4.965579470525686,1.0446100220697834,0.2215146097694145
554,20241021b,fa/+,Adult,F,3,4.523176772788315,6.374826153014005,0.7095372743066518,-1.8516493802256893
555,20241021b,fa/+,Adult,F,4,3.514207412785028,8.214038100103483,0.42782945123431493,-4.699830687318455
556,20241021b,fa/+,Adult,F,5,4.875296675699752,3.7156328256946023,1.3121039953102367,1.1596638500051495
557,20241021b,fa/+,Adult,F,6,4.1423671303394,1.9897194111062624,2.081885067420782,2.1526477192331375
558,20241021b,fa/+,Adult,F,7,4.65692279070148,5.384748028823489,0.8648357854023802,-0.7278252381220085
559,20241021b,fa/+,Adult,F,8,3.9120079998283006,7.212278543163674,0.5424094447290015,-3.300270543335373
560,20241021b,fa/+,Adult,F,9,1.8321810190415757,4.171857575839014,0.439176310728465,-2.3396765567974382
561,20241021b,fa/+,Adult,F,10,3.544082195374492,10.65795042407291,0.3325294314908372,-7.113868228698418
563,20241021b,fa/+,Adult,F,13,3.139418461863562,4.921605401077068,0.6378850407585535,-1.782186939213506
566,20241021b,fa/+,Adult,F,16,2.0517779852286213,6.092354913605304,0.3367791296345259,-4.040576928376682
567,20241021b,fa/+,Adult,F,17,2.3867890634142204,3.095701933539514,0.7710009279495625,-0.7089128701252938
568,20241021b,fa/+,Adult,F,18,5.414682222330961,9.254319188449362,0.585097845889,-3.839636966118401
569,20241021b,fa/+,Adult,F,19,5.382960734455798,8.448854279454887,0.6371231597100172,-3.0658935449990885
570,20241021b,fa/+,Adult,F,20,2.998828202273468,7.546265012705674,0.39739237851100245,-4.547436810432206
571,20241021b,fa/+,Adult,F,21,5.201123568198821,7.347260169072241,0.7078997406533355,-2.1461366008734197
572,20241022a,fa/+,Adult,F,0,21.05621390929197,70.85852998974677,0.29715849188995036,-49.8023160804548
573,20241022a,fa/+,Adult,F,1,6.011612632057883,30.55192368606041,0.19676707410737398,-24.540311054002526
574,20241022a,fa/+,Adult,F,2,15.91579668789624,40.257493380842526,0.39534991752542015,-24.341696692946286
575,20241022a,fa/+,Adult,F,3,13.305134156171013,29.130060612470267,0.4567492781142799,-15.824926456299254
576,20241022a,fa/+,Adult,F,4,7.79275070027234,16.535916306506625,0.4712621034013104,-8.743165606234285
577,20241022a,fa/+,Adult,F,5,11.239306199996864,22.148414677587045,0.5074542067053861,-10.90910847759018
578,20241022a,fa/+,Adult,F,6,7.450794189371527,19.588139413417075,0.38037273638495944,-12.137345224045548
579,20241022a,fa/+,Adult,F,7,8.669883371036956,18.2136982227194,0.4760089502428627,-9.543814851682445
580,20241022a,fa/+,Adult,F,8,19.95500673712257,36.80230329228544,0.5422216804920895,-16.847296555162867
581,20241022a,fa/+,Adult,F,9,30.543795335739052,43.50414335316626,0.7020893409573609,-12.960348017427211
582,20241022a,fa/+,Adult,F,10,23.033112724834588,47.07373691427297,0.48929858206882326,-24.040624189438383
583,20241022a,fa/+,Adult,F,11,16.053555075497545,30.550243311914905,0.525480432728223,-14.49668823641736
584,20241022a,fa/+,Adult,F,12,37.5218243930429,64.83689954911156,0.5787109601781852,-27.315075156068666
585,20241022a,fa/+,Adult,F,13,16.0478821106773,30.73153002508756,0.5221960018774423,-14.683647914410262
586,20241022a,fa/+,Adult,F,14,33.86541356377423,44.514374020455904,0.7607747903679808,-10.648960456681671
587,20241022a,fa/+,Adult,F,15,12.62005813109046,17.220151638162545,0.7328656794823131,-4.600093507072085
588,20241022a,fa/+,Adult,F,16,8.465858357475401,13.440522435067717,0.6298756910956897,-4.974664077592315
589,20241022a,fa/+,Adult,F,17,17.76042926502738,28.54323997716795,0.6222289158215445,-10.78281071214057
590,20241022a,fa/+,Adult,F,18,7.53613248610879,10.65235092996181,0.7074619054195774,-3.116218443853021
591,20241022a,fa/+,Adult,F,19,10.09414791168376,15.092266060840126,0.6688291785337012,-4.998118149156367
592,20241022a,fa/+,Adult,F,20,5.776846737785135,8.968892590752967,0.6440981067987291,-3.1920458529678317
593,20241022a,fa/+,Adult,F,21,15.542952430439504,21.670722292757585,0.7172327816518604,-6.127769862318081
594,20241022a,fa/+,Adult,F,22,20.18834194652537,25.61180919340288,0.7882434932291119,-5.423467246877511
595,20241022a,fa/+,Adult,F,23,18.1580712221523,38.70930808714068,0.4690879821792644,-20.551236864988375
596,20241022a,fa/+,Adult,F,24,27.022226843604432,36.08449398786173,0.7488597970278951,-9.062267144257294
597,20241022a,fa/+,Adult,F,25,19.30175713931813,42.60011050344884,0.45309171528452935,-23.29835336413071
602,20241022b,fa/fa,Adult,M,0,1.7750591158527254,2.4912693520331977,0.712511922648608,-0.7162102361804723
603,20241022b,fa/fa,Adult,M,1,4.67716884341335,5.617366833039598,0.8326265637315517,-0.940197989626248
604,20241022b,fa/fa,Adult,M,2,3.55239197059914,5.369850702893371,0.6615438989179062,-1.8174587322942308
605,20241022b,fa/fa,Adult,M,3,4.19353476412955,8.433800081797255,0.4972295671533042,-4.2402653176677045
606,20241022b,fa/fa,Adult,M,4,3.86749698497631,4.968971062234894,0.7783295447965087,-1.1014740772585845
607,20241022b,fa/fa,Adult,M,5,6.959526898854139,9.366759556482377,0.7430026207983226,-2.4072326576282377
608,20241022b,fa/fa,Adult,M,6,7.729034967232295,4.909292416559363,1.5743684244926532,2.819742550672932
609,20241022b,fa/fa,Adult,M,8,2.5036702060971163,4.140258033519966,0.6047135675668373,-1.6365878274228494
610,20241022b,fa/fa,Adult,M,9,2.7106305635892416,4.002212339491064,0.6772830458900477,-1.2915817759018222
613,20241023a,fa/+,Adult,M,0,4.400674637893923,6.91176404139792,0.6366934130760454,-2.5110894035039975
614,20241023a,fa/+,Adult,M,1,4.226200266206491,10.052088750794878,0.4204300589638447,-5.825888484588387
615,20241023a,fa/+,Adult,M,2,4.464404818945169,13.116046402805532,0.3403773272706804,-8.651641583860364
616,20241023a,fa/+,Adult,M,3,5.112222399830642,11.57284822685774,0.4417428017388519,-6.460625827027098
617,20241023a,fa/+,Adult,M,4,3.82149410387843,4.831462984306866,0.7909600293515797,-1.0099688804284366
618,20241023a,fa/+,Adult,M,5,6.756048967134584,10.717788566175358,0.6303584853741409,-3.961739599040774
619,20241023a,fa/+,Adult,M,6,5.93576828428652,6.371726895117942,0.9315792063898005,-0.4359586108314222
620,20241023a,fa/+,Adult,M,7,4.341187251646963,4.831801711681277,0.8984613837011952,-0.49061446003431364
621,20241023a,fa/+,Adult,M,8,7.0580319307974255,4.491063962241476,1.5715723468063865,2.566967968555949
622,20241023a,fa/+,Adult,M,9,2.813755461122846,4.062513792052749,0.6926143774889396,-1.2487583309299026
623,20241023a,fa/+,Adult,M,10,1.9620313406340697,5.051962197473808,0.3883701547915714,-3.0899308568397377
624,20241023a,fa/+,Adult,M,11,11.195799470472966,18.02668170781099,0.6210682393988134,-6.830882237338024
625,20241023a,fa/+,Adult,M,12,12.929319138043772,27.06236850235813,0.4777600725123949,-14.133049364314358
626,20241023a,fa/+,Adult,M,13,23.695751375038714,55.881338903146194,0.4240369296825243,-32.185587528107476
627,20241023a,fa/+,Adult,M,14,10.947844226629895,16.91832485938257,0.6470997759898456,-5.970480632752674
628,20241023a,fa/+,Adult,M,15,2.374792247441721,3.962908858661504,0.599254823196671,-1.588116611219783
629,20241023a,fa/+,Adult,M,16,4.4114784711258,2.849530762665032,1.5481420762062426,1.5619477084607682
630,20241023a,fa/+,Adult,M,17,6.0287840474894745,7.880508588450824,0.7650247417184317,-1.8517245409613494
631,20241023a,fa/+,Adult,M,18,3.1474643040683645,4.828482658918515,0.6518537036173875,-1.68101835485015
632,20241023a,fa/+,Adult,M,19,3.943298855191984,8.255342965532643,0.47766626676273505,-4.3120441103406595
633,20241023a,fa/+,Adult,M,20,2.533784112916293,7.295761889080668,0.34729534097165726,-4.761977776164375
634,20241023b,fa/fa,Adult,F,0,19.633897709176946,33.34549360630505,0.5888021314359707,-13.711595897128102
635,20241023b,fa/fa,Adult,F,1,7.839059561891288,22.565267972754885,0.34739492441907194,-14.726208410863597
636,20241023b,fa/fa,Adult,F,2,20.2452610747136,22.91852167889177,0.8833580698775927,-2.6732606041781715
637,20241023b,fa/fa,Adult,F,3,10.744801173134457,25.181282390496104,0.4266979340650955,-14.436481217361647
638,20241023b,fa/fa,Adult,F,4,11.376209380134709,13.787719497024844,0.8250972456024727,-2.4115101168901347
639,20241023b,fa/fa,Adult,F,5,14.3717270735856,21.22165205553815,0.6772199938051031,-6.849924981952551
640,20241023b,fa/fa,Adult,F,6,6.3327064840202665,10.693922540178276,0.5921780768681999,-4.36121605615801
641,20241023b,fa/fa,Adult,F,7,12.34576378753625,20.34455225597479,0.6068338900852706,-7.998788468438541
642,20241023b,fa/fa,Adult,F,8,10.522874405969196,20.97508899940119,0.5016843745582967,-10.452214593431995
643,20241023b,fa/fa,Adult,F,9,11.22005403027284,25.873485138901312,0.4336506647650362,-14.653431108628473
644,20241023b,fa/fa,Adult,F,10,15.152541578616567,24.291253141824008,0.6237859154547832,-9.13871156320744
645,20241023b,fa/fa,Adult,F,11,12.10264161683992,15.427392527845322,0.7844904182606057,-3.3247509110054025
646,20241023b,fa/fa,Adult,F,12,12.30792731912727,15.075420133705467,0.8164235032899239,-2.7674928145781976
647,20241023b,fa/fa,Adult,F,13,18.84744512350714,15.728990721497633,1.198261570448214,3.1184544020095064
648,20241023b,fa/fa,Adult,F,14,9.929232526320384,14.659665219763289,0.6773164582868089,-4.730432693442905
649,20241023b,fa/fa,Adult,F,15,18.13601488013261,26.595414650815957,0.6819226215589833,-8.459399770683348
650,20241023b,fa/fa,Adult,F,16,12.344575059865123,19.19338964117973,0.6431680537230191,-6.848814581314608
651,20241024a,fa/fa,Adult,F,0,2.012995045690414,4.280133551691493,0.47031126981887894,-2.2671385060010785
652,20241024a,fa/fa,Adult,F,1,4.354354228946257,11.001907339582525,0.3957817580666414,-6.6475531106362675
653,20241024a,fa/fa,Adult,F,2,2.600040202459604,5.485818351573652,0.47395667078800763,-2.885778149114048
654,20241024a,fa/fa,Adult,F,3,5.613466547698756,13.228539734972754,0.4243451401410723,-7.615073187273998
655,20241024a,fa/fa,Adult,F,4,2.751360533756349,4.316513312668987,0.6374034630406659,-1.5651527789126383
656,20241024a,fa/fa,Adult,F,5,2.6599687085212715,3.938944358418421,0.6752998942054901,-1.2789756498971494
657,20241024a,fa/fa,Adult,F,6,5.5560301269270775,5.585231939385936,0.9947716025447514,-0.02920181245885889
658,20241024a,fa/fa,Adult,F,7,9.429806173441248,20.13609569183025,0.4683036035266346,-10.706289518389001
659,20241024a,fa/fa,Adult,F,8,4.523203506578252,11.63190672886895,0.3888617414161534,-7.108703222290698
660,20241024a,fa/fa,Adult,F,9,3.8972751432937023,12.79368132458887,0.304624997638742,-8.896406181295168
661,20241024a,fa/fa,Adult,F,10,5.551972705303859,17.04787475839346,0.32566949159280784,-11.4959020530896
662,20241024a,fa/fa,Adult,F,11,2.576131196652842,8.869233566953907,0.2904570250862839,-6.293102370301066
663,20241024a,fa/fa,Adult,F,12,1.724951286912812,3.341873978946276,0.5161628768110236,-1.616922692033464
664,20241024a,fa/fa,Adult,F,13,2.2033735522165747,5.409540599492665,0.4073125086487416,-3.2061670472760904
684,20241025a,fa/fa,Adult,F,2,12.690856427836993,24.567040431106104,0.516580597627388,-11.876184003269111
685,20241025a,fa/fa,Adult,F,3,10.600946364517108,36.10092193734867,0.29364752465088056,-25.499975572831566
686,20241025a,fa/fa,Adult,F,4,8.175783020148659,17.763821523877088,0.4602491085130106,-9.588038503728429
687,20241025a,fa/fa,Adult,F,5,10.342758512295184,26.33507368178073,0.392737025810965,-15.992315169485547
688,20241025a,fa/fa,Adult,F,6,5.0450074339787285,16.361160738054274,0.3083526599824053,-11.316153304075545
689,20241025a,fa/fa,Adult,F,7,2.729373748951469,7.029030048693272,0.3883001964771614,-4.2996562997418035
690,20241025a,fa/fa,Adult,F,9,9.978555832662437,29.238435452432505,0.34128214038320803,-19.259879619770068
691,20241025a,fa/fa,Adult,F,10,10.138642175241316,23.512364610537908,0.43120470200165745,-13.373722435296592
692,20241025a,fa/fa,Adult,F,11,14.402676204363956,50.76443227497029,0.2837158923860414,-36.36175607060633
694,20241025a,fa/fa,Adult,F,13,11.76706085420294,19.86132817973024,0.5924609244517686,-8.0942673255273
695,20241025a,fa/fa,Adult,F,14,22.43879581338429,55.41310655985194,0.40493661529602293,-32.97431074646765
696,20241025a,fa/fa,Adult,F,15,11.132958039578332,27.372686563981663,0.4067177700499311,-16.239728524403333
697,20241025a,fa/fa,Adult,F,16,10.087496780373984,27.295963681411195,0.3695600162028228,-17.208466901037212
698,20241025a,fa/fa,Adult,F,18,12.895670773784598,28.806748837617423,0.4476614437289337,-15.911078063832825
699,20241028a,fa/fa,Adult,M,0,6.360899540895971,17.599086761474606,0.36143350090303206,-11.238187220578634
700,20241028a,fa/fa,Adult,M,1,6.096233657149018,21.86903205453834,0.27876101886658056,-15.772798397389323
701,20241028a,fa/fa,Adult,M,2,5.949774346065001,10.82666543306466,0.5495481857132463,-4.876891086999659
702,20241028a,fa/fa,Adult,M,3,3.4112599117508355,6.060736796354354,0.5628457440690663,-2.649476884603519
703,20241028a,fa/fa,Adult,M,4,6.035097445295158,6.304891327959658,0.9572087973240596,-0.26979388266450055
704,20241028a,fa/fa,Adult,M,5,3.9079731592063696,11.350558498063757,0.34429787396567435,-7.442585338857388
705,20241028a,fa/fa,Adult,M,6,3.3887275945944872,4.440783322029223,0.7630923080133535,-1.0520557274347362
706,20241028a,fa/fa,Adult,M,7,4.757644173877487,6.196814017611896,0.7677564891177692,-1.4391698437344091
707,20241028a,fa/fa,Adult,M,8,3.152844382114098,3.8302406508915703,0.823145245816397,-0.6773962687774722
708,20241028a,fa/fa,Adult,M,9,2.856612739667216,3.88014186287476,0.7362134789450143,-1.023529123207544
709,20241028a,fa/fa,Adult,M,10,4.816521899947704,11.54186700606552,0.41730873327655826,-6.725345106117816
710,20241028a,fa/fa,Adult,M,11,11.124301269406176,24.046816119543077,0.462610152383764,-12.922514850136901
711,20241028a,fa/fa,Adult,M,12,7.648066598860943,13.866331292847732,0.5515566040749238,-6.218264693986789
712,20241028a,fa/fa,Adult,M,13,5.6669887375961885,19.32653561243063,0.2932232062300519,-13.65954687483444
713,20241028a,fa/fa,Adult,M,14,4.424667572063175,22.168624614088948,0.19959143379833955,-17.743957042025773
714,20241029a,fa/fa,Adult,M,0,3.2968950064285942,2.100443151660432,1.5696187748867894,1.1964518547681622
715,20241029a,fa/fa,Adult,M,1,1.7971750135007112,2.316623290977382,0.775773523688646,-0.5194482774766709
716,20241029a,fa/fa,Adult,M,2,2.2506320787512744,5.139768538319676,0.43788588181970245,-2.8891364595684017
718,20241029a,fa/fa,Adult,M,4,2.8688560050466783,2.303900018371735,1.2452172325925073,0.5649559866749434
719,20241029a,fa/fa,Adult,M,5,4.442512278971465,3.031553478766802,1.4654243476445692,1.4109588002046634
720,20241029a,fa/fa,Adult,M,6,2.4683871165565825,3.506086249100535,0.7040292055535804,-1.0376991325439526
721,20241029a,fa/fa,Adult,M,7,2.364190047201902,2.9327936913435324,0.8061221811067286,-0.5686036441416302
722,20241029a,fa/fa,Adult,M,8,1.415318071842194,2.334263458586576,0.6063231922840389,-0.9189453867443818
723,20241029a,fa/fa,Adult,M,9,2.017187673112621,8.170181656839853,0.246896306329234,-6.152993983727232
724,20241029a,fa/fa,Adult,M,10,1.1657097572865691,2.3417330122830577,0.49779789206202796,-1.1760232549964886
725,20241029a,fa/fa,Adult,M,11,0.8112572846205338,3.134247447613786,0.2588363867818327,-2.322990162993252
726,20241029a,fa/fa,Adult,M,12,1.4847110328466997,2.6606665016116957,0.5580222218558161,-1.175955468764996
727,20241029a,fa/fa,Adult,M,13,1.4010129259980246,2.386803572040453,0.5869829182467302,-0.9857906460424282
728,20241029a,fa/fa,Adult,M,14,1.776348518288654,3.218373669120005,0.5519397996983857,-1.4420251508313509
729,20241029a,fa/fa,Adult,M,15,2.27403970386671,2.7013503005331323,0.841815925693869,-0.42731059666642235
730,20241029a,fa/fa,Adult,M,16,3.410856879275778,6.1523660167416825,0.5543975878538808,-2.7415091374659046
731,20241029a,fa/fa,Adult,M,17,2.2104074151619626,3.919430419615935,0.5639613868635944,-1.7090230044539725
732,20241029a,fa/fa,Adult,M,18,1.6631801257962768,2.2635204104851363,0.7347758465494951,-0.6003402846888595
733,20241029a,fa/fa,Adult,M,19,1.015121524748595,2.039100881208453,0.49782800552123413,-1.0239793564598578
734,20241029b,fa/+,Adult,F,0,34.94766270734262,46.22154366741107,0.7560903408767544,-11.273880960068446
735,20241029b,fa/+,Adult,F,1,68.9145470218382,68.50507766000744,1.0059772118479007,0.40946936183075877
736,20241029b,fa/+,Adult,F,2,14.397591477546143,29.100102286637977,0.49476085464335806,-14.702510809091834
737,20241029b,fa/+,Adult,F,3,14.796998330821165,31.3127617243768,0.472554879095886,-16.515763393555634
738,20241029b,fa/+,Adult,F,4,51.56291083736696,101.97888257836254,0.5056234147078933,-50.41597174099559
739,20241029b,fa/+,Adult,F,5,50.428650211942376,83.37032651229643,0.6048752874262112,-32.941676300354054
740,20241029b,fa/+,Adult,F,6,62.29022774074389,90.68863759059144,0.6868581268355743,-28.398409849847553
741,20241029b,fa/+,Adult,F,7,28.42658253545346,43.01800750068147,0.6608065828014731,-14.591424965228011
742,20241029b,fa/+,Adult,F,8,30.664912834720337,29.35751036034656,1.044533833364143,1.3074024743737773
743,20241029b,fa/+,Adult,F,9,46.53645065971042,65.14188309790384,0.7143860208918014,-18.605432438193425
745,20241029b,fa/+,Adult,F,11,22.558192355390908,24.35820054214224,0.9261025795547939,-1.800008186751331
746,20241029b,fa/+,Adult,F,12,28.00868875254756,34.884835530182144,0.8028900904037405,-6.876146777634585
747,20241029b,fa/+,Adult,F,13,16.017425802479618,21.493614226083597,0.7452178881596216,-5.476188423603979
748,20241029b,fa/+,Adult,F,14,15.292506740404214,22.35462876440774,0.6840868126941303,-7.062122024003525
749,20241029b,fa/+,Adult,F,15,13.622544175300046,20.64912143956377,0.6597154370548286,-7.026577264263725
750,20241029b,fa/+,Adult,F,16,20.47026865862419,32.91438951870848,0.6219246037356677,-12.444120860084293
751,20241029b,fa/+,Adult,F,17,17.467848117109664,38.37839505126016,0.4551479574322664,-20.9105469341505
752,20241029b,fa/+,Adult,F,19,29.64256273352581,47.72211795274488,0.6211493539091936,-18.07955521921907
753,20241029b,fa/+,Adult,F,20,35.963510773147355,50.89535971823483,0.7066166930000559,-14.931848945087474
755,20241029b,fa/+,Adult,F,22,32.11601401066436,41.336243584275074,0.7769456347717519,-9.220229573610716
756,20241029b,fa/+,Adult,F,23,13.9433143062868,25.41068690809184,0.5487185118890532,-11.46737260180504
757,20241029b,fa/+,Adult,F,24,28.90865838976875,36.40180418280725,0.7941545491699132,-7.493145793038497
758,20241029c,fa/+,Adult,F,0,19.25539851982238,43.1834843736089,0.4458972868708598,-23.92808585378652
759,20241029c,fa/+,Adult,F,1,19.69341816881458,36.255129539728834,0.5431898442738781,-16.561711370914253
760,20241029c,fa/+,Adult,F,2,9.349670101005676,21.62143153003138,0.4324260439471515,-12.271761429025704
761,20241029c,fa/+,Adult,F,3,14.171087538281672,23.73909896459335,0.5969513653158327,-9.568011426311678
762,20241029c,fa/+,Adult,F,4,22.8798573296598,40.94557761602592,0.5587870207674082,-18.065720286366123
763,20241029c,fa/+,Adult,F,5,25.07733149880438,56.4372938541945,0.44433972265912597,-31.35996235539012
765,20241029c,fa/+,Adult,F,7,35.92924272065225,36.876538333729805,0.9743116990942966,-0.9472956130775572
766,20241029c,fa/+,Adult,F,8,20.981920454850584,26.10263387565939,0.8038238805631086,-5.120713420808805
767,20241029c,fa/+,Adult,F,9,13.547597650508628,24.750005086263023,0.5473775703596901,-11.202407435754395
768,20241029c,fa/+,Adult,F,10,33.24934861973984,30.455279141070168,1.0917433547637971,2.794069478669673
769,20241029c,fa/+,Adult,F,11,14.406490982872702,22.463685092763,0.6413235817445625,-8.057194109890299
770,20241029c,fa/+,Adult,F,12,50.69173748275821,88.73242797199481,0.5712876187582427,-38.0406904892366
771,20241029c,fa/+,Adult,F,13,15.636414148355524,44.34139782071453,0.35263692433824934,-28.70498367235901
772,20241029c,fa/+,Adult,F,14,18.55342188171298,21.488792549850597,0.86339992527137,-2.935370668137619
773,20241029c,fa/+,Adult,F,15,11.240529161113733,26.57533113093797,0.4229685457438363,-15.334801969824236
774,20241029c,fa/+,Adult,F,16,9.836697038796808,17.069202075317037,0.5762833549800895,-7.232505036520228
775,20241029c,fa/+,Adult,F,17,27.151293046567613,55.38560235873928,0.49022294405512445,-28.234309312171664
777,20241029c,fa/+,Adult,F,19,12.893845498820632,20.521749838804592,0.6283014655231617,-7.62790433998396
778,20241029c,fa/+,Adult,F,20,12.692019185178014,24.96852629137176,0.5083207169324978,-12.276507106193746
779,20241029c,fa/+,Adult,F,21,13.611602164901978,17.247411678998898,0.7891968034528903,-3.6358095140969198
781,20241030a,fa/fa,Adult,F,0,5.260100968716147,5.83374573551329,0.9016678489593668,-0.5736447667971429
782,20241030a,fa/fa,Adult,F,1,13.55640471443867,11.821540185960671,1.1467545261605028,1.734864528477999
783,20241030a,fa/fa,Adult,F,2,15.609465279674415,25.77165677991964,0.6056834224114283,-10.162191500245223
785,20241030a,fa/fa,Adult,F,4,12.351873467307534,10.24163943899553,1.2060445537925488,2.1102340283120036
786,20241030a,fa/fa,Adult,F,5,11.636440196412709,11.869192732256014,0.9803901966128858,-0.23275253584330535
788,20241030a,fa/fa,Adult,F,7,12.343978294614615,27.27793548066738,0.4525261196311257,-14.933957186052766
789,20241030a,fa/fa,Adult,F,8,9.868584876054882,17.931412054320507,0.5503517986291037,-8.062827178265625
790,20241030a,fa/fa,Adult,F,9,5.860495230005716,11.149001994375451,0.5256520030189492,-5.288506764369735
791,20241030a,fa/fa,Adult,F,10,8.240445364516154,6.942817483244643,1.1869022028021223,1.2976278812715103
792,20241030a,fa/fa,Adult,F,11,17.201136314490707,36.63796641462943,0.46948938485904457,-19.436830100138724
793,20241030a,fa/fa,Adult,F,12,16.26327888049474,21.220188970619677,0.7664059402586846,-4.956910090124936
794,20241030a,fa/fa,Adult,F,13,17.69970991804793,23.07717899548805,0.7669789241357663,-5.3774690774401215
795,20241030a,fa/fa,Adult,F,14,10.56724314347838,9.6607387294877,1.0938338608851657,0.9065044139906799
796,20241030a,fa/fa,Adult,F,15,30.76666007843197,27.363634917695627,1.1243630523127488,3.403025160736341
797,20241030a,fa/fa,Adult,F,16,12.739070479934275,9.633541489725058,1.3223662859106915,3.1055289902092174
802,20241030b,fa/fa,Adult,F,1,9.182944951010487,6.4843036312298645,1.4161805913565428,2.6986413197806227
803,20241030b,fa/fa,Adult,F,2,6.89814529204335,3.3606042339259847,2.0526503009206403,3.537541058117365
804,20241030b,fa/fa,Adult,F,3,5.471801688064167,3.297916169008046,1.6591694293157204,2.1738855190561206
805,20241030b,fa/fa,Adult,F,4,5.4763620647532365,4.07990264549838,1.3422776327262762,1.3964594192548567
806,20241030b,fa/fa,Adult,F,5,5.727152152403498,3.745233043934565,1.5291844553381442,1.981919108468933
807,20241030b,fa/fa,Adult,F,6,6.449630882166608,8.591544686837551,0.7506951447331228,-2.141913804670943
812,20241030b,fa/fa,Adult,F,11,6.757101050912076,15.190733793932148,0.4448172907625543,-8.433632743020073
815,20241030b,fa/fa,Adult,F,14,3.2204324129429214,4.023926017740667,0.8003209797458237,-0.8034936047977457
