,Unnamed: 0,rat,activity_type,n,frac,gtyp,sex,age,recording
0,0,20240813a,canonical,0,0.0,fa/fa,M,Young,vehicle
1,1,20240813a,double,0,0.0,fa/fa,M,Young,vehicle
2,2,20240813a,subthreshold,15,1.0,fa/fa,M,Young,vehicle
3,3,20240813a,beats,0,0.0,fa/fa,M,Young,vehicle
4,4,20240814a,canonical,6,0.3157894736842105,fa/fa,M,Young,vehicle
5,5,20240814a,double,1,0.0526315789473684,fa/fa,M,Young,vehicle
6,6,20240814a,subthreshold,10,0.5263157894736842,fa/fa,M,Young,vehicle
7,7,20240814a,beats,2,0.1052631578947368,fa/fa,M,Young,vehicle
8,8,20240815a,canonical,22,0.7857142857142857,fa/+,F,Young,vehicle
9,9,20240815a,double,3,0.1071428571428571,fa/+,F,Young,vehicle
10,10,20240815a,subthreshold,3,0.1071428571428571,fa/+,F,Young,vehicle
11,11,20240815a,beats,0,0.0,fa/+,F,Young,vehicle
12,12,20240815b,canonical,26,0.9629629629629628,fa/fa,F,Young,vehicle
13,13,20240815b,double,1,0.037037037037037,fa/fa,F,Young,vehicle
14,14,20240815b,subthreshold,0,0.0,fa/fa,F,Young,vehicle
15,15,20240815b,beats,0,0.0,fa/fa,F,Young,vehicle
16,16,20240816a,canonical,22,0.8148148148148148,fa/fa,F,Young,vehicle
17,17,20240816a,double,1,0.037037037037037,fa/fa,F,Young,vehicle
18,18,20240816a,subthreshold,4,0.1481481481481481,fa/fa,F,Young,vehicle
19,19,20240816a,beats,0,0.0,fa/fa,F,Young,vehicle
20,20,20240816b,canonical,30,1.0,fa/+,F,Young,vehicle
21,21,20240816b,double,0,0.0,fa/+,F,Young,vehicle
22,22,20240816b,subthreshold,0,0.0,fa/+,F,Young,vehicle
23,23,20240816b,beats,0,0.0,fa/+,F,Young,vehicle
24,24,20240820a,canonical,26,1.0,fa/+,M,Young,vehicle
25,25,20240820a,double,0,0.0,fa/+,M,Young,vehicle
26,26,20240820a,subthreshold,0,0.0,fa/+,M,Young,vehicle
27,27,20240820a,beats,0,0.0,fa/+,M,Young,vehicle
28,28,20240820b,canonical,17,0.7727272727272727,fa/fa,M,Young,vehicle
29,29,20240820b,double,0,0.0,fa/fa,M,Young,vehicle
30,30,20240820b,subthreshold,4,0.1818181818181818,fa/fa,M,Young,vehicle
31,31,20240820b,beats,1,0.0454545454545454,fa/fa,M,Young,vehicle
32,32,20240821a,canonical,14,0.7,fa/fa,M,Young,vehicle
33,33,20240821a,double,4,0.2,fa/fa,M,Young,vehicle
34,34,20240821a,subthreshold,2,0.1,fa/fa,M,Young,vehicle
35,35,20240821a,beats,0,0.0,fa/fa,M,Young,vehicle
36,36,20240821b,canonical,27,0.9310344827586208,fa/+,M,Young,vehicle
37,37,20240821b,double,0,0.0,fa/+,M,Young,vehicle
38,38,20240821b,subthreshold,2,0.0689655172413793,fa/+,M,Young,vehicle
39,39,20240821b,beats,0,0.0,fa/+,M,Young,vehicle
40,40,20240822b,canonical,24,0.8,fa/+,M,Young,vehicle
41,41,20240822b,double,5,0.1666666666666666,fa/+,M,Young,vehicle
42,42,20240822b,subthreshold,1,0.0333333333333333,fa/+,M,Young,vehicle
43,43,20240822b,beats,0,0.0,fa/+,M,Young,vehicle
44,44,20240823a,canonical,24,1.0,fa/fa,F,Young,vehicle
45,45,20240823a,double,0,0.0,fa/fa,F,Young,vehicle
46,46,20240823a,subthreshold,0,0.0,fa/fa,F,Young,vehicle
47,47,20240823a,beats,0,0.0,fa/fa,F,Young,vehicle
48,48,20240823b,canonical,11,0.3928571428571428,fa/fa,F,Young,vehicle
49,49,20240823b,double,16,0.5714285714285714,fa/fa,F,Young,vehicle
50,50,20240823b,subthreshold,0,0.0,fa/fa,F,Young,vehicle
51,51,20240823b,beats,1,0.0357142857142857,fa/fa,F,Young,vehicle
52,52,20240826a,canonical,28,0.9333333333333332,fa/+,M,Young,vehicle
53,53,20240826a,double,1,0.0333333333333333,fa/+,M,Young,vehicle
54,54,20240826a,subthreshold,1,0.0333333333333333,fa/+,M,Young,vehicle
55,55,20240826a,beats,0,0.0,fa/+,M,Young,vehicle
56,56,20241011a,canonical,11,0.4074074074074074,fa/+,F,Adult,vehicle
57,57,20241011a,double,16,0.5925925925925926,fa/+,F,Adult,vehicle
58,58,20241011a,subthreshold,0,0.0,fa/+,F,Adult,vehicle
59,59,20241011a,beats,0,0.0,fa/+,F,Adult,vehicle
60,60,20241011b,canonical,28,0.9333333333333332,fa/+,F,Adult,vehicle
61,61,20241011b,double,1,0.0333333333333333,fa/+,F,Adult,vehicle
62,62,20241011b,subthreshold,1,0.0333333333333333,fa/+,F,Adult,vehicle
63,63,20241011b,beats,0,0.0,fa/+,F,Adult,vehicle
64,64,20241014a,canonical,15,0.4838709677419355,fa/+,F,Adult,vehicle
65,65,20241014a,double,15,0.4838709677419355,fa/+,F,Adult,vehicle
66,66,20241014a,subthreshold,0,0.0,fa/+,F,Adult,vehicle
67,67,20241014a,beats,1,0.032258064516129,fa/+,F,Adult,vehicle
68,68,20241014b,canonical,15,0.8823529411764706,fa/+,M,Adult,vehicle
69,69,20241014b,double,0,0.0,fa/+,M,Adult,vehicle
70,70,20241014b,subthreshold,2,0.1176470588235294,fa/+,M,Adult,vehicle
71,71,20241014b,beats,0,0.0,fa/+,M,Adult,vehicle
72,72,20241015a,canonical,20,0.9090909090909092,fa/+,M,Adult,vehicle
73,73,20241015a,double,2,0.0909090909090909,fa/+,M,Adult,vehicle
74,74,20241015a,subthreshold,0,0.0,fa/+,M,Adult,vehicle
75,75,20241015a,beats,0,0.0,fa/+,M,Adult,vehicle
76,76,20241015b,canonical,18,0.9473684210526316,fa/+,M,Adult,vehicle
77,77,20241015b,double,1,0.0526315789473684,fa/+,M,Adult,vehicle
78,78,20241015b,subthreshold,0,0.0,fa/+,M,Adult,vehicle
79,79,20241015b,beats,0,0.0,fa/+,M,Adult,vehicle
80,80,20241021a,canonical,19,0.8636363636363636,fa/fa,M,Adult,vehicle
81,81,20241021a,double,0,0.0,fa/fa,M,Adult,vehicle
82,82,20241021a,subthreshold,3,0.1363636363636363,fa/fa,M,Adult,vehicle
83,83,20241021a,beats,0,0.0,fa/fa,M,Adult,vehicle
84,84,20241021b,canonical,0,0.0,fa/+,F,Adult,vehicle
85,85,20241021b,double,0,0.0,fa/+,F,Adult,vehicle
86,86,20241021b,subthreshold,20,1.0,fa/+,F,Adult,vehicle
87,87,20241021b,beats,0,0.0,fa/+,F,Adult,vehicle
88,88,20241022a,canonical,12,0.4,fa/+,F,Adult,vehicle
89,89,20241022a,double,18,0.6,fa/+,F,Adult,vehicle
90,90,20241022a,subthreshold,0,0.0,fa/+,F,Adult,vehicle
91,91,20241022a,beats,0,0.0,fa/+,F,Adult,vehicle
92,92,20241022b,canonical,9,1.0,fa/fa,M,Adult,vehicle
93,93,20241022b,double,0,0.0,fa/fa,M,Adult,vehicle
94,94,20241022b,subthreshold,0,0.0,fa/fa,M,Adult,vehicle
95,95,20241022b,beats,0,0.0,fa/fa,M,Adult,vehicle
96,96,20241023a,canonical,11,0.5238095238095238,fa/+,M,Adult,vehicle
97,97,20241023a,double,0,0.0,fa/+,M,Adult,vehicle
98,98,20241023a,subthreshold,10,0.4761904761904761,fa/+,M,Adult,vehicle
99,99,20241023a,beats,0,0.0,fa/+,M,Adult,vehicle
100,100,20241023b,canonical,14,0.8235294117647058,fa/fa,F,Adult,vehicle
101,101,20241023b,double,3,0.1764705882352941,fa/fa,F,Adult,vehicle
102,102,20241023b,subthreshold,0,0.0,fa/fa,F,Adult,vehicle
103,103,20241023b,beats,0,0.0,fa/fa,F,Adult,vehicle
104,104,20241024a,canonical,9,0.6428571428571429,fa/fa,F,Adult,vehicle
105,105,20241024a,double,3,0.2142857142857142,fa/fa,F,Adult,vehicle
106,106,20241024a,subthreshold,1,0.0714285714285714,fa/fa,F,Adult,vehicle
107,107,20241024a,beats,1,0.0714285714285714,fa/fa,F,Adult,vehicle
108,108,20241025a,canonical,15,0.9375,fa/fa,F,Adult,vehicle
109,109,20241025a,double,1,0.0625,fa/fa,F,Adult,vehicle
110,110,20241025a,subthreshold,0,0.0,fa/fa,F,Adult,vehicle
111,111,20241025a,beats,0,0.0,fa/fa,F,Adult,vehicle
112,112,20241028a,canonical,10,0.6666666666666666,fa/fa,M,Adult,vehicle
113,113,20241028a,double,3,0.2,fa/fa,M,Adult,vehicle
114,114,20241028a,subthreshold,1,0.0666666666666666,fa/fa,M,Adult,vehicle
115,115,20241028a,beats,1,0.0666666666666666,fa/fa,M,Adult,vehicle
116,116,20241029a,canonical,0,0.0,fa/fa,M,Adult,vehicle
117,117,20241029a,double,0,0.0,fa/fa,M,Adult,vehicle
118,118,20241029a,subthreshold,20,1.0,fa/fa,M,Adult,vehicle
119,119,20241029a,beats,0,0.0,fa/fa,M,Adult,vehicle
120,120,20241029b,canonical,16,0.6956521739130435,fa/+,F,Adult,vehicle
121,121,20241029b,double,7,0.3043478260869565,fa/+,F,Adult,vehicle
122,122,20241029b,subthreshold,0,0.0,fa/+,F,Adult,vehicle
123,123,20241029b,beats,0,0.0,fa/+,F,Adult,vehicle
124,124,20241029c,canonical,22,1.0,fa/+,F,Adult,vehicle
125,125,20241029c,double,0,0.0,fa/+,F,Adult,vehicle
126,126,20241029c,subthreshold,0,0.0,fa/+,F,Adult,vehicle
127,127,20241029c,beats,0,0.0,fa/+,F,Adult,vehicle
128,128,20241030a,canonical,7,0.4666666666666667,fa/fa,F,Adult,vehicle
129,129,20241030a,double,0,0.0,fa/fa,F,Adult,vehicle
130,130,20241030a,subthreshold,1,0.0666666666666666,fa/fa,F,Adult,vehicle
131,131,20241030a,beats,7,0.4666666666666667,fa/fa,F,Adult,vehicle
132,132,20241030b,canonical,7,0.5833333333333334,fa/fa,F,Adult,vehicle
133,133,20241030b,double,0,0.0,fa/fa,F,Adult,vehicle
134,134,20241030b,subthreshold,2,0.1666666666666666,fa/fa,F,Adult,vehicle
135,135,20241030b,beats,3,0.25,fa/fa,F,Adult,vehicle
0,0,20240813a,canonical,0,0.0,fa/fa,M,Young,empa
1,1,20240813a,double,0,0.0,fa/fa,M,Young,empa
2,2,20240813a,subthreshold,15,1.0,fa/fa,M,Young,empa
3,3,20240813a,beats,0,0.0,fa/fa,M,Young,empa
4,4,20240814a,canonical,3,0.1428571428571428,fa/fa,M,Young,empa
5,5,20240814a,double,0,0.0,fa/fa,M,Young,empa
6,6,20240814a,subthreshold,18,0.8571428571428571,fa/fa,M,Young,empa
7,7,20240814a,beats,0,0.0,fa/fa,M,Young,empa
8,8,20240815a,canonical,21,0.75,fa/+,F,Young,empa
9,9,20240815a,double,0,0.0,fa/+,F,Young,empa
10,10,20240815a,subthreshold,7,0.25,fa/+,F,Young,empa
11,11,20240815a,beats,0,0.0,fa/+,F,Young,empa
12,12,20240815b,canonical,21,0.8076923076923077,fa/fa,F,Young,empa
13,13,20240815b,double,5,0.1923076923076923,fa/fa,F,Young,empa
14,14,20240815b,subthreshold,0,0.0,fa/fa,F,Young,empa
15,15,20240815b,beats,0,0.0,fa/fa,F,Young,empa
16,16,20240816a,canonical,17,0.7391304347826086,fa/fa,F,Young,empa
17,17,20240816a,double,3,0.1304347826086956,fa/fa,F,Young,empa
18,18,20240816a,subthreshold,1,0.0434782608695652,fa/fa,F,Young,empa
19,19,20240816a,beats,2,0.0869565217391304,fa/fa,F,Young,empa
20,20,20240816b,canonical,22,0.7333333333333333,fa/+,F,Young,empa
21,21,20240816b,double,1,0.0333333333333333,fa/+,F,Young,empa
22,22,20240816b,subthreshold,7,0.2333333333333333,fa/+,F,Young,empa
23,23,20240816b,beats,0,0.0,fa/+,F,Young,empa
24,24,20240820a,canonical,19,0.6785714285714286,fa/+,M,Young,empa
25,25,20240820a,double,0,0.0,fa/+,M,Young,empa
26,26,20240820a,subthreshold,9,0.3214285714285714,fa/+,M,Young,empa
27,27,20240820a,beats,0,0.0,fa/+,M,Young,empa
28,28,20240820b,canonical,20,0.9090909090909092,fa/fa,M,Young,empa
29,29,20240820b,double,0,0.0,fa/fa,M,Young,empa
30,30,20240820b,subthreshold,2,0.0909090909090909,fa/fa,M,Young,empa
31,31,20240820b,beats,0,0.0,fa/fa,M,Young,empa
32,32,20240821a,canonical,13,0.5416666666666666,fa/fa,M,Young,empa
33,33,20240821a,double,2,0.0833333333333333,fa/fa,M,Young,empa
34,34,20240821a,subthreshold,7,0.2916666666666667,fa/fa,M,Young,empa
35,35,20240821a,beats,2,0.0833333333333333,fa/fa,M,Young,empa
36,36,20240821b,canonical,21,0.875,fa/+,M,Young,empa
37,37,20240821b,double,1,0.0416666666666666,fa/+,M,Young,empa
38,38,20240821b,subthreshold,2,0.0833333333333333,fa/+,M,Young,empa
39,39,20240821b,beats,0,0.0,fa/+,M,Young,empa
40,40,20240822b,canonical,22,0.6875,fa/+,M,Young,empa
41,41,20240822b,double,2,0.0625,fa/+,M,Young,empa
42,42,20240822b,subthreshold,8,0.25,fa/+,M,Young,empa
43,43,20240822b,beats,0,0.0,fa/+,M,Young,empa
44,44,20240823a,canonical,17,0.7083333333333334,fa/fa,F,Young,empa
45,45,20240823a,double,0,0.0,fa/fa,F,Young,empa
46,46,20240823a,subthreshold,7,0.2916666666666667,fa/fa,F,Young,empa
47,47,20240823a,beats,0,0.0,fa/fa,F,Young,empa
48,48,20240823b,canonical,15,0.5,fa/fa,F,Young,empa
49,49,20240823b,double,15,0.5,fa/fa,F,Young,empa
50,50,20240823b,subthreshold,0,0.0,fa/fa,F,Young,empa
51,51,20240823b,beats,0,0.0,fa/fa,F,Young,empa
52,52,20240826a,canonical,22,0.7586206896551724,fa/+,M,Young,empa
53,53,20240826a,double,1,0.0344827586206896,fa/+,M,Young,empa
54,54,20240826a,subthreshold,6,0.2068965517241379,fa/+,M,Young,empa
55,55,20240826a,beats,0,0.0,fa/+,M,Young,empa
56,56,20241011a,canonical,21,0.8076923076923077,fa/+,F,Adult,empa
57,57,20241011a,double,5,0.1923076923076923,fa/+,F,Adult,empa
58,58,20241011a,subthreshold,0,0.0,fa/+,F,Adult,empa
59,59,20241011a,beats,0,0.0,fa/+,F,Adult,empa
60,60,20241011b,canonical,22,0.7857142857142857,fa/+,F,Adult,empa
61,61,20241011b,double,0,0.0,fa/+,F,Adult,empa
62,62,20241011b,subthreshold,6,0.2142857142857142,fa/+,F,Adult,empa
63,63,20241011b,beats,0,0.0,fa/+,F,Adult,empa
64,64,20241014a,canonical,23,0.7419354838709677,fa/+,F,Adult,empa
65,65,20241014a,double,6,0.1935483870967742,fa/+,F,Adult,empa
66,66,20241014a,subthreshold,2,0.064516129032258,fa/+,F,Adult,empa
67,67,20241014a,beats,0,0.0,fa/+,F,Adult,empa
68,68,20241014b,canonical,0,0.0,fa/+,M,Adult,empa
69,69,20241014b,double,0,0.0,fa/+,M,Adult,empa
70,70,20241014b,subthreshold,21,1.0,fa/+,M,Adult,empa
71,71,20241014b,beats,0,0.0,fa/+,M,Adult,empa
72,72,20241015a,canonical,18,0.6923076923076923,fa/+,M,Adult,empa
73,73,20241015a,double,4,0.1538461538461538,fa/+,M,Adult,empa
74,74,20241015a,subthreshold,4,0.1538461538461538,fa/+,M,Adult,empa
75,75,20241015a,beats,0,0.0,fa/+,M,Adult,empa
76,76,20241015b,canonical,20,1.0,fa/+,M,Adult,empa
77,77,20241015b,double,0,0.0,fa/+,M,Adult,empa
78,78,20241015b,subthreshold,0,0.0,fa/+,M,Adult,empa
79,79,20241015b,beats,0,0.0,fa/+,M,Adult,empa
80,80,20241021a,canonical,3,0.1304347826086956,fa/fa,M,Adult,empa
81,81,20241021a,double,0,0.0,fa/fa,M,Adult,empa
82,82,20241021a,subthreshold,20,0.8695652173913043,fa/fa,M,Adult,empa
83,83,20241021a,beats,0,0.0,fa/fa,M,Adult,empa
84,84,20241021b,canonical,0,0.0,fa/+,F,Adult,empa
85,85,20241021b,double,0,0.0,fa/+,F,Adult,empa
86,86,20241021b,subthreshold,18,1.0,fa/+,F,Adult,empa
87,87,20241021b,beats,0,0.0,fa/+,F,Adult,empa
88,88,20241022a,canonical,20,0.7692307692307693,fa/+,F,Adult,empa
89,89,20241022a,double,5,0.1923076923076923,fa/+,F,Adult,empa
90,90,20241022a,subthreshold,0,0.0,fa/+,F,Adult,empa
91,91,20241022a,beats,1,0.0384615384615384,fa/+,F,Adult,empa
92,92,20241022b,canonical,3,0.2727272727272727,fa/fa,M,Adult,empa
93,93,20241022b,double,0,0.0,fa/fa,M,Adult,empa
94,94,20241022b,subthreshold,8,0.7272727272727273,fa/fa,M,Adult,empa
95,95,20241022b,beats,0,0.0,fa/fa,M,Adult,empa
96,96,20241023a,canonical,7,0.3333333333333333,fa/+,M,Adult,empa
97,97,20241023a,double,4,0.1904761904761904,fa/+,M,Adult,empa
98,98,20241023a,subthreshold,10,0.4761904761904761,fa/+,M,Adult,empa
99,99,20241023a,beats,0,0.0,fa/+,M,Adult,empa
100,100,20241023b,canonical,15,0.8823529411764706,fa/fa,F,Adult,empa
101,101,20241023b,double,1,0.0588235294117647,fa/fa,F,Adult,empa
102,102,20241023b,subthreshold,0,0.0,fa/fa,F,Adult,empa
103,103,20241023b,beats,1,0.0588235294117647,fa/fa,F,Adult,empa
104,104,20241024a,canonical,9,0.6428571428571429,fa/fa,F,Adult,empa
105,105,20241024a,double,3,0.2142857142857142,fa/fa,F,Adult,empa
106,106,20241024a,subthreshold,2,0.1428571428571428,fa/fa,F,Adult,empa
107,107,20241024a,beats,0,0.0,fa/fa,F,Adult,empa
108,108,20241024b,canonical,16,0.8888888888888888,fa/+,M,Adult,empa
109,109,20241024b,double,2,0.1111111111111111,fa/+,M,Adult,empa
110,110,20241024b,subthreshold,0,0.0,fa/+,M,Adult,empa
111,111,20241024b,beats,0,0.0,fa/+,M,Adult,empa
112,112,20241025a,canonical,11,0.7857142857142857,fa/fa,F,Adult,empa
113,113,20241025a,double,2,0.1428571428571428,fa/fa,F,Adult,empa
114,114,20241025a,subthreshold,1,0.0714285714285714,fa/fa,F,Adult,empa
115,115,20241025a,beats,0,0.0,fa/fa,F,Adult,empa
116,116,20241028a,canonical,9,0.6,fa/fa,M,Adult,empa
117,117,20241028a,double,1,0.0666666666666666,fa/fa,M,Adult,empa
118,118,20241028a,subthreshold,5,0.3333333333333333,fa/fa,M,Adult,empa
119,119,20241028a,beats,0,0.0,fa/fa,M,Adult,empa
120,120,20241029a,canonical,0,0.0,fa/fa,M,Adult,empa
121,121,20241029a,double,0,0.0,fa/fa,M,Adult,empa
122,122,20241029a,subthreshold,19,1.0,fa/fa,M,Adult,empa
123,123,20241029a,beats,0,0.0,fa/fa,M,Adult,empa
124,124,20241029b,canonical,13,0.5909090909090909,fa/+,F,Adult,empa
125,125,20241029b,double,9,0.4090909090909091,fa/+,F,Adult,empa
126,126,20241029b,subthreshold,0,0.0,fa/+,F,Adult,empa
127,127,20241029b,beats,0,0.0,fa/+,F,Adult,empa
128,128,20241029c,canonical,20,0.9523809523809524,fa/+,F,Adult,empa
129,129,20241029c,double,0,0.0,fa/+,F,Adult,empa
130,130,20241029c,subthreshold,1,0.0476190476190476,fa/+,F,Adult,empa
131,131,20241029c,beats,0,0.0,fa/+,F,Adult,empa
132,132,20241030a,canonical,16,0.8,fa/fa,F,Adult,empa
133,133,20241030a,double,0,0.0,fa/fa,F,Adult,empa
134,134,20241030a,subthreshold,0,0.0,fa/fa,F,Adult,empa
135,135,20241030a,beats,4,0.2,fa/fa,F,Adult,empa
136,136,20241030b,canonical,5,0.4545454545454545,fa/fa,F,Adult,empa
137,137,20241030b,double,2,0.1818181818181818,fa/fa,F,Adult,empa
138,138,20241030b,subthreshold,4,0.3636363636363636,fa/fa,F,Adult,empa
139,139,20241030b,beats,0,0.0,fa/fa,F,Adult,empa
